사업ID,자회사ID,사업주체,사업유형,사업명,지원금액,시작일자,종료일자,진행현황,종료일자_보정,사업진행일수
P0001,S1310,중앙정부,인력양성,청년 디지털 일자리 사업,290,2021-05-23,2023-12-13,완료,2023-12-13,934.0
P0002,S0210,지자체,위탁용역,신기술 동향 분석 용역,760,2022-03-09,2022-10-07,완료,2022-10-07,212.0
P0003,S0062,중앙정부,R&D지원,창업성장기술개발사업,720,2021-07-23,2024-01-22,진행중,2024-01-22,913.0
P0004,S1331,공공기관,기술사업화,기술이전 사업화 지원,760,2021-10-12,2024-07-16,진행중,2024-07-16,1008.0
P0005,S1781,중앙정부,펀드운용,모태펀드 자펀드 운용,550,2021-12-15,,완료,2023-12-31,746.0
P0006,S0319,중앙정부,인력양성,청년 디지털 일자리 사업,120,2022-01-25,2022-10-31,완료,2022-10-31,279.0
P0007,S0736,공공기관,기술사업화,TIPS 프로그램,940,2022-04-16,2024-04-14,진행중,2024-04-14,729.0
P0008,S0256,대학,R&D지원,산학연 Collabo R&D,810,2022-09-26,2025-09-16,진행중,2025-09-16,1086.0
P0009,S1765,중앙정부,R&D지원,창업성장기술개발사업,60,2022-11-09,2023-12-27,완료,2023-12-27,413.0
P0010,S1584,중앙정부,R&D지원,디딤돌 기술개발,130,2022-01-25,2023-05-04,완료,2023-05-04,464.0
P0011,S0929,지자체,R&D지원,산학연 Collabo R&D,460,2021-08-03,2023-12-17,완료,2023-12-17,866.0
P0012,S0547,공공기관,기술사업화,TIPS 프로그램,780,2022-10-13,2023-10-03,완료,2023-10-03,355.0
P0013,S1094,공공기관,R&D지원,미래유망 R&D 사업,350,2023-08-06,2025-11-18,진행중,2025-11-18,835.0
P0014,S1410,지자체,기술사업화,TIPS 프로그램,300,2023-04-22,2023-11-20,완료,2023-11-20,212.0
P0015,S1649,중앙정부,R&D지원,디딤돌 기술개발,730,2023-06-17,2025-12-18,진행중,2025-12-18,915.0
P0016,S0645,중앙정부,기술사업화,기술이전 사업화 지원,190,2021-09-29,2022-08-17,완료,2022-08-17,322.0
P0017,S0506,공공기관,기술사업화,기술이전 사업화 지원,750,2022-02-13,2023-08-17,완료,2023-08-17,550.0
P0018,S0450,대학,R&D지원,미래유망 R&D 사업,120,2023-02-13,,완료,2023-12-31,321.0
P0019,S1764,중앙정부,기술사업화,기술이전 사업화 지원,770,2021-03-07,2022-10-02,완료,2022-10-02,574.0
P0020,S0782,지자체,기술사업화,실험실 특화형 창업선도대학,710,2023-06-01,2023-12-09,완료,2023-12-09,191.0
P0021,S1394,공공기관,기술사업화,실험실 특화형 창업선도대학,990,2022-10-19,2024-03-30,진행중,2024-03-30,528.0
P0022,S0229,중앙정부,R&D지원,창업성장기술개발사업,930,2023-06-16,,진행중,2023-12-31,198.0
P0023,S0540,대학,인력양성,첨단산업 인재양성 부트캠프,140,2023-06-11,2025-09-08,진행중,2025-09-08,820.0
P0024,S0612,공공기관,기술사업화,초기창업패키지,200,2022-01-18,,진행중,2023-12-31,712.0
P0025,S0331,지자체,인력양성,첨단산업 인재양성 부트캠프,10,2022-09-06,2024-01-30,진행중,2024-01-30,511.0
P0026,S1001,중앙정부,위탁용역,지자체 특화산업 연구용역,310,2021-03-01,2022-05-01,완료,2022-05-01,426.0
P0027,S1799,지자체,R&D지원,미래유망 R&D 사업,90,2023-02-18,2025-02-12,진행중,2025-02-12,725.0
P0028,S1569,중앙정부,기술사업화,초기창업패키지,340,2022-06-25,2025-06-02,진행중,2025-06-02,1073.0
P0029,S1243,중앙정부,R&D지원,디딤돌 기술개발,920,2021-11-16,2023-06-27,완료,2023-06-27,588.0
P0030,S1376,지자체,기술사업화,기술이전 사업화 지원,160,2021-09-11,2022-10-26,완료,2022-10-26,410.0
P0031,S0132,중앙정부,기술사업화,초기창업패키지,760,2021-08-14,2022-02-17,완료,2022-02-17,187.0
P0032,S0146,공공기관,R&D지원,창업성장기술개발사업,50,2023-05-31,2024-10-30,진행중,2024-10-30,518.0
P0033,S0146,지자체,R&D지원,미래유망 R&D 사업,280,2022-07-07,2023-05-18,완료,2023-05-18,315.0
P0034,S1482,민간기업,기술사업화,기술이전 사업화 지원,320,2023-03-15,,진행중,2023-12-31,291.0
P0035,S1654,중앙정부,R&D지원,미래유망 R&D 사업,460,2022-03-10,2023-10-31,완료,2023-10-31,600.0
P0036,S0957,민간기업,R&D지원,창업성장기술개발사업,80,2022-02-17,,진행중,2023-12-31,682.0
P0037,S0695,공공기관,R&D지원,디딤돌 기술개발,250,2022-07-04,2024-04-03,진행중,2024-04-03,639.0
P0038,S0288,중앙정부,R&D지원,디딤돌 기술개발,100,2022-03-30,2024-12-31,진행중,2024-12-31,1007.0
P0039,S1765,민간기업,R&D지원,창업성장기술개발사업,120,2023-08-07,2026-03-15,진행중,2026-03-15,951.0
P0040,S1739,중앙정부,기술사업화,기술이전 사업화 지원,280,2023-06-05,,진행중,2023-12-31,209.0
P0041,S1849,중앙정부,R&D지원,미래유망 R&D 사업,340,2023-08-07,2026-04-15,진행중,2026-04-15,982.0
P0042,S1608,중앙정부,기술사업화,기술이전 사업화 지원,200,2021-07-14,2022-11-09,완료,2022-11-09,483.0
P0043,S0446,대학,기술사업화,TIPS 프로그램,960,2021-11-18,2022-07-14,완료,2022-07-14,238.0
P0044,S0103,지자체,기술사업화,초기창업패키지,80,2023-09-11,2025-08-11,진행중,2025-08-11,700.0
P0045,S0165,민간기업,R&D지원,창업성장기술개발사업,870,2023-06-02,2024-07-26,진행중,2024-07-26,420.0
P0046,S0827,중앙정부,위탁용역,신기술 동향 분석 용역,750,2022-09-01,2023-04-09,완료,2023-04-09,220.0
P0047,S1269,중앙정부,기술사업화,실험실 특화형 창업선도대학,340,2021-07-29,2023-12-11,완료,2023-12-11,865.0
P0048,S1467,중앙정부,R&D지원,디딤돌 기술개발,860,2022-10-23,2024-02-22,진행중,2024-02-22,487.0
P0049,S0937,중앙정부,인력양성,청년 디지털 일자리 사업,20,2022-04-15,2024-07-09,진행중,2024-07-09,816.0
P0050,S1154,대학,R&D지원,디딤돌 기술개발,650,2021-09-29,2010-01-01,완료,2010-01-01,
P0051,S0715,민간기업,위탁용역,지자체 특화산업 연구용역,370,2021-06-11,2023-03-01,완료,2023-03-01,628.0
P0052,S1708,지자체,R&D지원,창업성장기술개발사업,860,2023-04-17,2010-01-01,진행중,2010-01-01,
P0053,S0614,민간기업,R&D지원,디딤돌 기술개발,340,2021-04-29,2024-04-24,진행중,2024-04-24,1091.0
P0054,S0220,공공기관,R&D지원,산학연 Collabo R&D,780,2021-08-04,2024-02-04,진행중,2024-02-04,914.0
P0055,S0703,중앙정부,기술사업화,실험실 특화형 창업선도대학,650,2022-05-16,2023-07-27,완료,2023-07-27,437.0
P0056,S1855,민간기업,R&D지원,미래유망 R&D 사업,360,2021-02-15,2021-08-17,완료,2021-08-17,183.0
P0057,S0684,공공기관,기술사업화,실험실 특화형 창업선도대학,210,2023-01-30,2024-10-23,진행중,2024-10-23,632.0
P0058,S1130,공공기관,기술사업화,TIPS 프로그램,100,2023-08-26,2026-08-14,진행중,2026-08-14,1084.0
P0059,S1416,민간기업,기술사업화,실험실 특화형 창업선도대학,750,2022-07-20,2023-06-16,완료,2023-06-16,331.0
P0060,S0881,중앙정부,R&D지원,창업성장기술개발사업,460,2021-08-04,2023-12-30,완료,2023-12-30,878.0
P0061,S0512,지자체,R&D지원,미래유망 R&D 사업,800,2023-02-07,2024-01-11,진행중,2024-01-11,338.0
P0062,S0485,민간기업,위탁용역,신기술 동향 분석 용역,530,2021-01-26,2022-01-24,완료,2022-01-24,363.0
P0063,S1509,민간기업,인력양성,산학연계 인력양성,860,2023-06-04,2025-12-22,진행중,2025-12-22,932.0
P0064,S1661,중앙정부,R&D지원,창업성장기술개발사업,490,2023-06-13,2024-01-18,진행중,2024-01-18,219.0
P0065,S1759,중앙정부,R&D지원,미래유망 R&D 사업,450,2021-11-09,2024-08-25,진행중,2024-08-25,1020.0
P0066,S1629,민간기업,R&D지원,디딤돌 기술개발,520,2021-12-03,2023-03-13,완료,2023-03-13,465.0
P0067,S1771,중앙정부,인력양성,산학연계 인력양성,830,2022-06-06,2024-01-16,진행중,2024-01-16,589.0
P0068,S1392,대학,기술사업화,TIPS 프로그램,150,2023-06-18,2024-09-07,진행중,2024-09-07,447.0
P0069,S0366,지자체,위탁용역,신기술 동향 분석 용역,140,2022-09-03,2024-05-19,진행중,2024-05-19,624.0
P0070,S0708,공공기관,R&D지원,창업성장기술개발사업,500,2023-07-11,2025-08-19,진행중,2025-08-19,770.0
P0071,S0390,중앙정부,인력양성,청년 디지털 일자리 사업,670,2023-08-06,2026-05-07,진행중,2026-05-07,1005.0
P0072,S1103,지자체,위탁용역,공공기관 시스템 구축 용역,860,2021-07-21,2023-01-24,완료,2023-01-24,552.0
P0073,S0884,중앙정부,기술사업화,실험실 특화형 창업선도대학,800,2021-11-18,2024-03-26,진행중,2024-03-26,859.0
P0074,S1737,중앙정부,위탁용역,공공기관 시스템 구축 용역,400,2022-11-14,2024-07-04,진행중,2024-07-04,598.0
P0075,S0669,중앙정부,R&D지원,디딤돌 기술개발,250,2022-03-07,,진행중,2023-12-31,664.0
P0076,S0777,지자체,위탁용역,공공기관 시스템 구축 용역,730,2021-11-05,2023-06-23,완료,2023-06-23,595.0
P0077,S1123,공공기관,R&D지원,디딤돌 기술개발,560,2023-03-16,2025-04-27,진행중,2025-04-27,773.0
P0078,S1243,지자체,기술사업화,기술이전 사업화 지원,870,2021-08-07,2023-07-11,완료,2023-07-11,703.0
P0079,S0970,공공기관,위탁용역,공공기관 시스템 구축 용역,220,2022-11-06,2023-07-30,완료,2023-07-30,266.0
P0080,S0582,지자체,기술사업화,실험실 특화형 창업선도대학,120,2023-04-19,2025-11-23,진행중,2025-11-23,949.0
P0081,S0482,지자체,R&D지원,디딤돌 기술개발,190,2021-01-26,2021-09-10,완료,2021-09-10,227.0
P0082,S0502,대학,기술사업화,TIPS 프로그램,590,2022-03-01,2025-02-20,진행중,2025-02-20,1087.0
P0083,S1290,지자체,인력양성,산학연계 인력양성,640,2022-02-14,2023-04-19,완료,2023-04-19,429.0
P0084,S0303,지자체,R&D지원,창업성장기술개발사업,1000,2022-03-12,2023-04-20,완료,2023-04-20,404.0
P0085,S0361,공공기관,기술사업화,기술이전 사업화 지원,70,2022-07-25,2023-10-03,완료,2023-10-03,435.0
P0086,S1879,공공기관,기술사업화,기술이전 사업화 지원,860,2022-06-28,2024-07-19,진행중,2024-07-19,752.0
P0087,S1220,중앙정부,인력양성,산학연계 인력양성,790,2023-04-15,2025-10-17,진행중,2025-10-17,916.0
P0088,S1827,지자체,펀드운용,모태펀드 자펀드 운용,580,2023-07-08,2024-06-14,진행중,2024-06-14,342.0
P0089,S1524,민간기업,기술사업화,초기창업패키지,820,2021-10-11,2024-06-01,진행중,2024-06-01,964.0
P0090,S1593,지자체,기술사업화,실험실 특화형 창업선도대학,570,2021-03-21,2023-09-17,완료,2023-09-17,910.0
P0091,S0586,중앙정부,R&D지원,창업성장기술개발사업,180,2021-06-04,2022-07-25,완료,2022-07-25,416.0
P0092,S0785,지자체,인력양성,청년 디지털 일자리 사업,540,2022-02-22,2023-07-25,완료,2023-07-25,518.0
P0093,S1112,중앙정부,R&D지원,미래유망 R&D 사업,500,2023-07-16,2026-03-10,진행중,2026-03-10,968.0
P0094,S1197,민간기업,R&D지원,미래유망 R&D 사업,620,2021-01-07,2022-07-01,완료,2022-07-01,540.0
P0095,S0612,공공기관,위탁용역,지자체 특화산업 연구용역,690,2023-02-05,2025-08-25,진행중,2025-08-25,932.0
P0096,S1119,공공기관,위탁용역,지자체 특화산업 연구용역,290,2021-10-07,2023-06-25,완료,2023-06-25,626.0
P0097,S0995,중앙정부,R&D지원,미래유망 R&D 사업,930,2021-06-19,2024-04-24,진행중,2024-04-24,1040.0
P0098,S0958,민간기업,위탁용역,공공기관 시스템 구축 용역,40,2023-07-18,2025-02-20,진행중,2025-02-20,583.0
P0099,S1213,지자체,R&D지원,미래유망 R&D 사업,180,2023-06-07,2025-03-20,진행중,2025-03-20,652.0
P0100,S0373,중앙정부,R&D지원,디딤돌 기술개발,590,2021-12-01,2023-05-10,완료,2023-05-10,525.0
P0101,S1559,민간기업,R&D지원,미래유망 R&D 사업,330,2023-05-05,2024-01-23,진행중,2024-01-23,263.0
P0102,S0964,중앙정부,기술사업화,실험실 특화형 창업선도대학,290,2022-10-28,2023-07-05,완료,2023-07-05,250.0
P0103,S1600,대학,R&D지원,창업성장기술개발사업,320,2021-07-24,2024-05-28,진행중,2024-05-28,1039.0
P0104,S0042,지자체,R&D지원,미래유망 R&D 사업,860,2021-04-28,2023-05-25,완료,2023-05-25,757.0
P0105,S0447,중앙정부,R&D지원,산학연 Collabo R&D,220,2022-09-13,2024-11-22,진행중,2024-11-22,801.0
P0106,S1532,공공기관,인력양성,청년 디지털 일자리 사업,400,2021-04-21,2023-06-02,완료,2023-06-02,772.0
P0107,S0053,민간기업,기술사업화,기술이전 사업화 지원,510,2023-08-23,2026-02-20,진행중,2026-02-20,912.0
P0108,S0407,중앙정부,기술사업화,초기창업패키지,140,2022-12-15,2025-08-12,진행중,2025-08-12,971.0
P0109,S0618,민간기업,기술사업화,TIPS 프로그램,730,2023-03-13,2023-10-21,완료,2023-10-21,222.0
P0110,S0712,지자체,기술사업화,TIPS 프로그램,650,2022-10-26,2024-04-07,진행중,2024-04-07,529.0
P0111,S0026,공공기관,펀드운용,대학창업펀드 조성사업,560,2023-09-11,2025-03-14,진행중,2025-03-14,550.0
P0112,S1302,민간기업,기술사업화,초기창업패키지,560,2021-06-30,2024-01-17,진행중,2024-01-17,931.0
P0113,S1069,대학,R&D지원,미래유망 R&D 사업,600,2022-03-23,2025-01-11,진행중,2025-01-11,1025.0
P0114,S1498,지자체,R&D지원,디딤돌 기술개발,120,2021-10-13,2024-09-29,진행중,2024-09-29,1082.0
P0115,S0924,중앙정부,기술사업화,기술이전 사업화 지원,440,2021-01-30,2022-12-17,완료,2022-12-17,686.0
P0116,S1743,중앙정부,기술사업화,실험실 특화형 창업선도대학,340,2021-12-15,2023-03-26,완료,2023-03-26,466.0
P0117,S1803,지자체,위탁용역,공공기관 시스템 구축 용역,20,2022-06-14,2023-06-24,완료,2023-06-24,375.0
P0118,S0176,중앙정부,기술사업화,초기창업패키지,890,2022-05-03,2024-08-21,진행중,2024-08-21,841.0
P0119,S1458,중앙정부,인력양성,청년 디지털 일자리 사업,380,2021-08-15,2023-04-01,완료,2023-04-01,594.0
P0120,S1417,중앙정부,기술사업화,실험실 특화형 창업선도대학,610,2022-07-21,2024-07-13,진행중,2024-07-13,723.0
P0121,S0705,중앙정부,인력양성,산학연계 인력양성,460,2022-12-21,2024-09-25,진행중,2024-09-25,644.0
P0122,S0555,중앙정부,R&D지원,디딤돌 기술개발,410,2021-05-03,2023-11-29,완료,2023-11-29,940.0
P0123,S1098,대학,기술사업화,초기창업패키지,280,2023-01-27,2024-12-02,진행중,2024-12-02,675.0
P0124,S0567,공공기관,위탁용역,공공기관 시스템 구축 용역,770,2021-10-17,2010-01-01,완료,2010-01-01,
P0125,S1706,중앙정부,R&D지원,디딤돌 기술개발,390,2021-01-15,2023-07-09,완료,2023-07-09,905.0
P0126,S1094,중앙정부,R&D지원,창업성장기술개발사업,710,2021-10-27,2024-04-08,진행중,2024-04-08,894.0
P0127,S0259,지자체,인력양성,청년 디지털 일자리 사업,20,2022-08-11,2023-11-25,완료,2023-11-25,471.0
P0128,S0962,중앙정부,R&D지원,창업성장기술개발사업,330,2023-08-22,2026-07-19,진행중,2026-07-19,1062.0
P0129,S0979,중앙정부,R&D지원,미래유망 R&D 사업,100,2022-08-14,2024-11-15,진행중,2024-11-15,824.0
P0130,S1406,중앙정부,R&D지원,산학연 Collabo R&D,110,2021-09-12,2022-07-10,완료,2022-07-10,301.0
P0131,S1143,공공기관,기술사업화,초기창업패키지,1000,2022-06-20,2024-01-10,진행중,2024-01-10,569.0
P0132,S0923,민간기업,R&D지원,미래유망 R&D 사업,400,2022-08-06,2024-10-29,진행중,2024-10-29,815.0
P0133,S0124,지자체,인력양성,청년 디지털 일자리 사업,810,2021-08-05,2022-10-29,완료,2022-10-29,450.0
P0134,S1353,중앙정부,R&D지원,창업성장기술개발사업,210,2021-01-03,2022-08-24,완료,2022-08-24,598.0
P0135,S0923,지자체,기술사업화,TIPS 프로그램,300,2021-10-23,2024-04-13,진행중,2024-04-13,903.0
P0136,S0580,공공기관,기술사업화,초기창업패키지,340,2023-03-18,2025-12-02,진행중,2025-12-02,990.0
P0137,S1281,지자체,펀드운용,대학창업펀드 조성사업,550,2021-04-28,2023-05-05,완료,2023-05-05,737.0
P0138,S0461,지자체,위탁용역,신기술 동향 분석 용역,100,2021-03-03,2022-02-15,완료,2022-02-15,349.0
P0139,S1624,중앙정부,인력양성,첨단산업 인재양성 부트캠프,370,2022-03-26,2023-01-27,완료,2023-01-27,307.0
P0140,S0960,지자체,기술사업화,실험실 특화형 창업선도대학,650,2022-07-07,2024-05-22,진행중,2024-05-22,685.0
P0141,S0897,중앙정부,R&D지원,미래유망 R&D 사업,950,2021-11-27,2024-02-03,진행중,2024-02-03,798.0
P0142,S0513,중앙정부,R&D지원,창업성장기술개발사업,980,2022-11-20,2025-09-06,진행중,2025-09-06,1021.0
P0143,S0552,지자체,인력양성,청년 디지털 일자리 사업,610,2022-06-16,2024-10-10,진행중,2024-10-10,847.0
P0144,S0906,민간기업,R&D지원,미래유망 R&D 사업,820,2023-04-14,2025-02-25,진행중,2025-02-25,683.0
P0145,S0187,중앙정부,기술사업화,실험실 특화형 창업선도대학,860,2021-04-18,2024-03-11,진행중,2024-03-11,1058.0
P0146,S0330,중앙정부,기술사업화,실험실 특화형 창업선도대학,850,2023-08-26,2025-04-07,진행중,2025-04-07,590.0
P0147,S1667,공공기관,R&D지원,창업성장기술개발사업,410,2021-09-16,2023-02-09,완료,2023-02-09,511.0
P0148,S0238,대학,기술사업화,TIPS 프로그램,850,2023-06-10,2025-06-14,진행중,2025-06-14,735.0
P0149,S0947,중앙정부,R&D지원,산학연 Collabo R&D,800,2023-02-14,2025-01-04,진행중,2025-01-04,690.0
P0150,S1281,중앙정부,R&D지원,산학연 Collabo R&D,710,2021-05-15,2022-09-01,완료,2022-09-01,474.0
P0151,S0898,민간기업,기술사업화,TIPS 프로그램,810,2022-09-16,2025-06-10,진행중,2025-06-10,998.0
P0152,S0491,공공기관,R&D지원,창업성장기술개발사업,710,2022-02-22,2022-11-24,완료,2022-11-24,275.0
P0153,S0461,대학,위탁용역,지자체 특화산업 연구용역,160,2022-10-26,2025-08-23,진행중,2025-08-23,1032.0
P0154,S0316,중앙정부,인력양성,첨단산업 인재양성 부트캠프,910,2021-10-07,2023-06-04,완료,2023-06-04,605.0
P0155,S1710,중앙정부,기술사업화,기술이전 사업화 지원,710,2021-05-29,,완료,2023-12-31,946.0
P0156,S0391,민간기업,기술사업화,초기창업패키지,90,2021-10-10,2024-06-07,진행중,2024-06-07,971.0
P0157,S1618,민간기업,R&D지원,산학연 Collabo R&D,10,2021-10-17,2024-04-27,진행중,2024-04-27,923.0
P0158,S0612,공공기관,기술사업화,기술이전 사업화 지원,200,2022-04-03,2024-04-03,진행중,2024-04-03,731.0
P0159,S0992,중앙정부,기술사업화,기술이전 사업화 지원,590,2023-08-14,2025-01-04,진행중,2025-01-04,509.0
P0160,S1781,중앙정부,기술사업화,기술이전 사업화 지원,300,2023-05-27,2026-01-25,진행중,2026-01-25,974.0
P0161,S0842,중앙정부,인력양성,첨단산업 인재양성 부트캠프,490,2022-01-31,2010-01-01,진행중,2010-01-01,
P0162,S1623,공공기관,위탁용역,지자체 특화산업 연구용역,50,2021-05-10,2023-04-04,완료,2023-04-04,694.0
P0163,S1209,중앙정부,R&D지원,미래유망 R&D 사업,130,2022-06-23,2024-03-31,진행중,2024-03-31,647.0
P0164,S0032,공공기관,기술사업화,초기창업패키지,100,2022-04-26,2024-12-31,진행중,2024-12-31,980.0
P0165,S0543,중앙정부,기술사업화,TIPS 프로그램,430,2023-05-23,2025-10-09,진행중,2025-10-09,870.0
P0166,S1760,지자체,위탁용역,공공기관 시스템 구축 용역,920,2023-06-28,2026-02-09,진행중,2026-02-09,957.0
P0167,S1000,민간기업,R&D지원,창업성장기술개발사업,310,2022-10-09,2025-03-07,진행중,2025-03-07,880.0
P0168,S1887,중앙정부,R&D지원,창업성장기술개발사업,560,2021-04-11,2023-11-25,완료,2023-11-25,958.0
P0169,S1298,공공기관,R&D지원,디딤돌 기술개발,890,2021-11-03,2022-05-31,완료,2022-05-31,209.0
P0170,S0095,중앙정부,R&D지원,산학연 Collabo R&D,480,2022-03-18,2023-02-10,완료,2023-02-10,329.0
P0171,S0501,지자체,기술사업화,초기창업패키지,220,2021-06-29,2022-03-16,완료,2022-03-16,260.0
P0172,S1249,민간기업,기술사업화,초기창업패키지,640,2023-07-24,2025-09-08,진행중,2025-09-08,777.0
P0173,S0294,중앙정부,기술사업화,기술이전 사업화 지원,330,2022-11-14,2023-05-22,완료,2023-05-22,189.0
P0174,S1841,공공기관,위탁용역,공공기관 시스템 구축 용역,700,2021-06-11,2022-02-21,완료,2022-02-21,255.0
P0175,S0905,민간기업,위탁용역,지자체 특화산업 연구용역,820,2023-09-13,2025-05-19,진행중,2025-05-19,614.0
P0176,S1414,중앙정부,펀드운용,대학창업펀드 조성사업,500,2023-05-24,2025-03-28,진행중,2025-03-28,674.0
P0177,S0219,중앙정부,기술사업화,실험실 특화형 창업선도대학,900,2021-10-30,2022-05-20,완료,2022-05-20,202.0
P0178,S1700,지자체,R&D지원,창업성장기술개발사업,780,2023-02-03,2024-12-22,진행중,2024-12-22,688.0
P0179,S1706,민간기업,R&D지원,디딤돌 기술개발,780,2023-04-02,2024-09-23,진행중,2024-09-23,540.0
P0180,S0449,지자체,기술사업화,초기창업패키지,810,2021-04-10,2023-07-11,완료,2023-07-11,822.0
P0181,S1324,중앙정부,인력양성,청년 디지털 일자리 사업,750,2022-01-09,2024-07-26,진행중,2024-07-26,929.0
P0182,S0270,중앙정부,R&D지원,미래유망 R&D 사업,230,2021-07-25,2022-06-05,완료,2022-06-05,315.0
P0183,S1611,지자체,위탁용역,공공기관 시스템 구축 용역,650,2023-07-25,2024-10-26,진행중,2024-10-26,459.0
P0184,S1701,중앙정부,위탁용역,지자체 특화산업 연구용역,380,2023-02-04,2026-01-10,진행중,2026-01-10,1071.0
P0185,S0694,공공기관,기술사업화,TIPS 프로그램,190,2023-02-12,,진행중,2023-12-31,322.0
P0186,S1762,지자체,기술사업화,기술이전 사업화 지원,720,2022-01-10,2022-10-09,완료,2022-10-09,272.0
P0187,S1620,중앙정부,R&D지원,창업성장기술개발사업,590,2022-01-13,2024-05-30,진행중,2024-05-30,868.0
P0188,S1534,지자체,기술사업화,실험실 특화형 창업선도대학,140,2022-11-23,2024-01-16,진행중,2024-01-16,419.0
P0189,S0966,중앙정부,위탁용역,공공기관 시스템 구축 용역,420,2023-07-27,2025-10-08,진행중,2025-10-08,804.0
P0190,S0454,지자체,기술사업화,기술이전 사업화 지원,900,2021-11-06,2024-02-28,진행중,2024-02-28,844.0
P0191,S0837,중앙정부,R&D지원,창업성장기술개발사업,390,2022-05-20,2023-03-14,완료,2023-03-14,298.0
P0192,S0200,중앙정부,기술사업화,기술이전 사업화 지원,590,2022-01-15,2024-05-30,진행중,2024-05-30,866.0
P0193,S1522,지자체,기술사업화,초기창업패키지,540,2022-11-02,2023-08-10,완료,2023-08-10,281.0
P0194,S1708,중앙정부,기술사업화,실험실 특화형 창업선도대학,50,2022-12-08,2024-06-19,진행중,2024-06-19,559.0
P0195,S0445,중앙정부,위탁용역,지자체 특화산업 연구용역,130,2022-12-04,2024-06-12,진행중,2024-06-12,556.0
P0196,S1116,민간기업,기술사업화,TIPS 프로그램,510,2021-10-10,2022-10-19,완료,2022-10-19,374.0
P0197,S0251,민간기업,펀드운용,대학창업펀드 조성사업,850,2021-08-06,2023-11-21,완료,2023-11-21,837.0
P0198,S1310,지자체,R&D지원,산학연 Collabo R&D,320,2021-05-09,2024-01-19,진행중,2024-01-19,985.0
P0199,S1157,중앙정부,펀드운용,모태펀드 자펀드 운용,270,2022-08-24,2023-09-29,완료,2023-09-29,401.0
P0200,S1666,민간기업,R&D지원,디딤돌 기술개발,770,2021-01-03,,완료,2023-12-31,1092.0
P0201,S1759,대학,위탁용역,공공기관 시스템 구축 용역,330,2023-03-29,2024-03-21,진행중,2024-03-21,358.0
P0202,S0226,지자체,R&D지원,창업성장기술개발사업,460,2023-03-20,2025-12-01,진행중,2025-12-01,987.0
P0203,S0488,지자체,R&D지원,산학연 Collabo R&D,70,2021-05-10,2023-12-05,완료,2023-12-05,939.0
P0204,S0863,지자체,인력양성,산학연계 인력양성,580,2023-03-08,2024-09-08,진행중,2024-09-08,550.0
P0205,S1052,지자체,기술사업화,초기창업패키지,790,2021-02-14,2023-08-27,완료,2023-08-27,924.0
P0206,S1605,민간기업,기술사업화,실험실 특화형 창업선도대학,590,2022-10-21,2023-05-20,완료,2023-05-20,211.0
P0207,S0125,대학,펀드운용,지역혁신 벤처펀드,880,2021-04-21,2023-03-04,완료,2023-03-04,682.0
P0208,S1459,민간기업,R&D지원,창업성장기술개발사업,420,2022-09-15,2023-08-12,완료,2023-08-12,331.0
P0209,S0135,중앙정부,기술사업화,실험실 특화형 창업선도대학,490,2022-09-04,2024-08-27,진행중,2024-08-27,723.0
P0210,S0604,중앙정부,기술사업화,TIPS 프로그램,900,2021-04-28,2024-03-16,진행중,2024-03-16,1053.0
P0211,S1341,지자체,인력양성,첨단산업 인재양성 부트캠프,280,2022-03-17,2023-12-19,완료,2023-12-19,642.0
P0212,S1819,중앙정부,R&D지원,미래유망 R&D 사업,520,2022-03-02,2024-09-14,진행중,2024-09-14,927.0
P0213,S0195,중앙정부,R&D지원,산학연 Collabo R&D,480,2023-09-04,2024-08-05,진행중,2024-08-05,336.0
P0214,S1407,민간기업,R&D지원,창업성장기술개발사업,120,2022-03-19,2022-12-22,완료,2022-12-22,278.0
P0215,S1525,공공기관,펀드운용,모태펀드 자펀드 운용,80,2022-08-24,2024-09-17,진행중,2024-09-17,755.0
P0216,S1151,중앙정부,R&D지원,산학연 Collabo R&D,860,2023-08-22,2026-03-27,진행중,2026-03-27,948.0
P0217,S0867,민간기업,인력양성,산학연계 인력양성,770,2021-11-16,2023-05-10,완료,2023-05-10,540.0
P0218,S0213,지자체,R&D지원,미래유망 R&D 사업,290,2023-05-18,2024-03-03,진행중,2024-03-03,290.0
P0219,S0718,공공기관,R&D지원,산학연 Collabo R&D,740,2021-08-20,2024-05-22,진행중,2024-05-22,1006.0
P0220,S0879,공공기관,위탁용역,공공기관 시스템 구축 용역,790,2022-11-23,2025-03-10,진행중,2025-03-10,838.0
P0221,S1141,중앙정부,위탁용역,공공기관 시스템 구축 용역,350,2021-01-30,2022-01-29,완료,2022-01-29,364.0
P0222,S0560,공공기관,R&D지원,산학연 Collabo R&D,450,2021-01-07,2022-01-07,완료,2022-01-07,365.0
P0223,S1782,중앙정부,기술사업화,TIPS 프로그램,190,2023-01-29,2025-05-06,진행중,2025-05-06,828.0
P0224,S0063,중앙정부,기술사업화,기술이전 사업화 지원,540,2022-04-10,2023-09-21,완료,2023-09-21,529.0
P0225,S0323,중앙정부,인력양성,첨단산업 인재양성 부트캠프,770,2021-03-28,2024-03-16,진행중,2024-03-16,1084.0
P0226,S0108,중앙정부,인력양성,청년 디지털 일자리 사업,870,2021-03-25,2022-06-26,완료,2022-06-26,458.0
P0227,S0908,지자체,기술사업화,기술이전 사업화 지원,540,2021-10-07,2022-11-11,완료,2022-11-11,400.0
P0228,S1547,지자체,R&D지원,창업성장기술개발사업,370,2022-11-26,2025-04-18,진행중,2025-04-18,874.0
P0229,S1215,중앙정부,기술사업화,TIPS 프로그램,290,2022-02-09,2024-04-12,진행중,2024-04-12,793.0
P0230,S0113,중앙정부,R&D지원,디딤돌 기술개발,990,2021-05-21,2024-01-08,진행중,2024-01-08,962.0
P0231,S0524,중앙정부,R&D지원,미래유망 R&D 사업,960,2022-03-17,,완료,2023-12-31,654.0
P0232,S0265,중앙정부,인력양성,첨단산업 인재양성 부트캠프,720,2023-05-04,2025-09-14,진행중,2025-09-14,864.0
P0233,S1652,중앙정부,R&D지원,창업성장기술개발사업,560,2021-01-20,2022-11-01,완료,2022-11-01,650.0
P0234,S1887,중앙정부,R&D지원,미래유망 R&D 사업,740,2022-02-19,2024-08-13,진행중,2024-08-13,906.0
P0235,S1312,중앙정부,R&D지원,창업성장기술개발사업,420,2021-06-25,2024-03-21,진행중,2024-03-21,1000.0
P0236,S1266,중앙정부,기술사업화,실험실 특화형 창업선도대학,120,2022-03-24,2025-01-31,진행중,2025-01-31,1044.0
P0237,S0217,중앙정부,기술사업화,TIPS 프로그램,510,2023-06-11,2024-10-20,진행중,2024-10-20,497.0
P0238,S1528,중앙정부,R&D지원,디딤돌 기술개발,100,2022-06-07,2024-09-12,진행중,2024-09-12,828.0
P0239,S0234,지자체,R&D지원,산학연 Collabo R&D,450,2023-01-15,2025-10-29,진행중,2025-10-29,1018.0
P0240,S1322,공공기관,R&D지원,디딤돌 기술개발,330,2021-07-22,2022-07-14,완료,2022-07-14,357.0
P0241,S1234,중앙정부,인력양성,청년 디지털 일자리 사업,230,2023-09-02,2026-04-30,진행중,2026-04-30,971.0
P0242,S1287,중앙정부,인력양성,첨단산업 인재양성 부트캠프,580,2022-11-29,2025-11-16,진행중,2025-11-16,1083.0
P0243,S1157,지자체,위탁용역,지자체 특화산업 연구용역,810,2021-11-20,,완료,2023-12-31,771.0
P0244,S0901,중앙정부,기술사업화,실험실 특화형 창업선도대학,360,2022-08-29,2023-04-23,완료,2023-04-23,237.0
P0245,S0721,지자체,R&D지원,미래유망 R&D 사업,50,2021-02-28,,완료,2023-12-31,1036.0
P0246,S1704,중앙정부,기술사업화,TIPS 프로그램,790,2022-09-01,2024-07-31,진행중,2024-07-31,699.0
P0247,S0788,중앙정부,기술사업화,TIPS 프로그램,580,2023-07-20,2026-04-24,진행중,2026-04-24,1009.0
P0248,S1171,지자체,R&D지원,미래유망 R&D 사업,650,2021-06-04,,완료,2023-12-31,940.0
P0249,S0923,중앙정부,위탁용역,지자체 특화산업 연구용역,920,2021-03-28,2023-02-22,완료,2023-02-22,696.0
P0250,S1324,중앙정부,R&D지원,미래유망 R&D 사업,570,2022-06-21,2024-06-05,진행중,2024-06-05,715.0
P0251,S1249,중앙정부,R&D지원,산학연 Collabo R&D,500,2022-02-23,2024-10-23,진행중,2024-10-23,973.0
P0252,S0693,지자체,R&D지원,산학연 Collabo R&D,90,2021-12-04,,완료,2023-12-31,757.0
P0253,S1143,지자체,R&D지원,디딤돌 기술개발,430,2021-03-25,2023-05-10,완료,2023-05-10,776.0
P0254,S1360,중앙정부,R&D지원,미래유망 R&D 사업,170,2022-09-02,2010-01-01,진행중,2010-01-01,
P0255,S0174,중앙정부,R&D지원,산학연 Collabo R&D,170,2022-11-18,2025-05-05,진행중,2025-05-05,899.0
P0256,S1698,민간기업,위탁용역,공공기관 시스템 구축 용역,120,2022-10-24,2025-03-08,진행중,2025-03-08,866.0
P0257,S0868,지자체,R&D지원,산학연 Collabo R&D,240,2023-09-01,2024-10-04,진행중,2024-10-04,399.0
P0258,S0700,민간기업,기술사업화,초기창업패키지,180,2021-06-08,2022-02-22,완료,2022-02-22,259.0
P0259,S0606,공공기관,R&D지원,창업성장기술개발사업,850,2021-12-11,2024-11-22,진행중,2024-11-22,1077.0
P0260,S1570,지자체,기술사업화,초기창업패키지,210,2021-07-05,2024-05-01,진행중,2024-05-01,1031.0
P0261,S1419,공공기관,펀드운용,대학창업펀드 조성사업,930,2022-03-25,2022-11-04,완료,2022-11-04,224.0
P0262,S0842,중앙정부,인력양성,산학연계 인력양성,790,2021-10-19,2024-05-26,진행중,2024-05-26,950.0
P0263,S1534,공공기관,R&D지원,디딤돌 기술개발,400,2023-09-16,2026-06-20,진행중,2026-06-20,1008.0
P0264,S1607,중앙정부,펀드운용,지역혁신 벤처펀드,870,2023-08-28,2025-09-30,진행중,2025-09-30,764.0
P0265,S0903,중앙정부,R&D지원,미래유망 R&D 사업,650,2022-06-25,2024-02-23,진행중,2024-02-23,608.0
P0266,S0332,공공기관,펀드운용,대학창업펀드 조성사업,330,2021-02-23,2023-06-09,완료,2023-06-09,836.0
P0267,S0985,민간기업,기술사업화,TIPS 프로그램,920,2023-05-17,2025-04-24,진행중,2025-04-24,708.0
P0268,S1744,중앙정부,R&D지원,디딤돌 기술개발,350,2022-04-06,2024-03-11,진행중,2024-03-11,705.0
P0269,S0302,공공기관,R&D지원,디딤돌 기술개발,580,2023-06-25,2024-12-13,진행중,2024-12-13,537.0
P0270,S0055,중앙정부,R&D지원,산학연 Collabo R&D,310,2022-01-31,2022-10-21,완료,2022-10-21,263.0
P0271,S0768,중앙정부,R&D지원,창업성장기술개발사업,920,2022-10-28,2024-04-03,진행중,2024-04-03,523.0
P0272,S1621,중앙정부,R&D지원,미래유망 R&D 사업,900,2023-05-02,2024-03-19,진행중,2024-03-19,322.0
P0273,S1555,공공기관,기술사업화,TIPS 프로그램,110,2021-01-20,2022-04-07,완료,2022-04-07,442.0
P0274,S0442,공공기관,기술사업화,기술이전 사업화 지원,150,2023-03-06,2024-06-23,진행중,2024-06-23,475.0
P0275,S0487,중앙정부,R&D지원,미래유망 R&D 사업,820,2023-03-24,2025-06-18,진행중,2025-06-18,817.0
P0276,S0937,중앙정부,펀드운용,지역혁신 벤처펀드,770,2022-07-03,2023-01-15,완료,2023-01-15,196.0
P0277,S1295,지자체,R&D지원,디딤돌 기술개발,380,2022-03-16,2022-09-13,완료,2022-09-13,181.0
P0278,S1260,중앙정부,기술사업화,초기창업패키지,860,2022-11-16,2023-08-10,완료,2023-08-10,267.0
P0279,S1073,대학,R&D지원,창업성장기술개발사업,500,2023-06-14,2025-04-05,진행중,2025-04-05,661.0
P0280,S0090,지자체,위탁용역,지자체 특화산업 연구용역,960,2021-01-17,2022-07-16,완료,2022-07-16,545.0
P0281,S1615,중앙정부,R&D지원,창업성장기술개발사업,990,2022-08-19,2025-03-08,진행중,2025-03-08,932.0
P0282,S1550,중앙정부,R&D지원,산학연 Collabo R&D,830,2021-06-29,2024-04-24,진행중,2024-04-24,1030.0
P0283,S1596,지자체,위탁용역,지자체 특화산업 연구용역,810,2021-07-06,2024-04-11,진행중,2024-04-11,1010.0
P0284,S0277,중앙정부,인력양성,산학연계 인력양성,50,2021-10-28,2022-11-18,완료,2022-11-18,386.0
P0285,S0090,공공기관,위탁용역,지자체 특화산업 연구용역,400,2022-06-12,,진행중,2023-12-31,567.0
P0286,S1670,지자체,R&D지원,디딤돌 기술개발,370,2022-01-01,,진행중,2023-12-31,729.0
P0287,S1600,중앙정부,기술사업화,실험실 특화형 창업선도대학,160,2023-03-30,2024-10-06,진행중,2024-10-06,556.0
P0288,S0895,민간기업,인력양성,산학연계 인력양성,440,2023-09-25,2024-09-30,진행중,2024-09-30,371.0
P0289,S1017,지자체,R&D지원,산학연 Collabo R&D,110,2023-01-15,2024-09-20,진행중,2024-09-20,614.0
P0290,S0162,중앙정부,위탁용역,신기술 동향 분석 용역,700,2021-10-28,,완료,2023-12-31,794.0
P0291,S0211,중앙정부,기술사업화,실험실 특화형 창업선도대학,580,2022-09-10,,진행중,2023-12-31,477.0
P0292,S0873,중앙정부,기술사업화,기술이전 사업화 지원,60,2023-01-15,2010-01-01,진행중,2010-01-01,
P0293,S1867,중앙정부,위탁용역,지자체 특화산업 연구용역,820,2023-03-22,2023-11-15,완료,2023-11-15,238.0
P0294,S0154,지자체,기술사업화,초기창업패키지,40,2021-05-27,2024-04-10,진행중,2024-04-10,1049.0
P0295,S1245,지자체,기술사업화,초기창업패키지,90,2021-08-30,2024-05-03,진행중,2024-05-03,977.0
P0296,S1322,중앙정부,R&D지원,창업성장기술개발사업,780,2021-06-07,2023-10-30,완료,2023-10-30,875.0
P0297,S0922,민간기업,R&D지원,창업성장기술개발사업,740,2021-05-21,2023-05-13,완료,2023-05-13,722.0
P0298,S0752,중앙정부,기술사업화,초기창업패키지,150,2021-01-27,2023-08-18,완료,2023-08-18,933.0
P0299,S0382,중앙정부,R&D지원,창업성장기술개발사업,340,2023-03-05,2024-05-24,진행중,2024-05-24,446.0
P0300,S1442,중앙정부,위탁용역,지자체 특화산업 연구용역,890,2023-07-28,2025-06-09,진행중,2025-06-09,682.0
P0301,S0410,중앙정부,위탁용역,지자체 특화산업 연구용역,230,2023-07-10,,진행중,2023-12-31,174.0
P0302,S0912,대학,펀드운용,지역혁신 벤처펀드,860,2021-12-22,2024-06-15,진행중,2024-06-15,906.0
P0303,S0133,지자체,R&D지원,산학연 Collabo R&D,210,2022-12-30,2025-06-23,진행중,2025-06-23,906.0
P0304,S1435,지자체,인력양성,첨단산업 인재양성 부트캠프,290,2021-05-05,2022-05-25,완료,2022-05-25,385.0
P0305,S1623,중앙정부,인력양성,청년 디지털 일자리 사업,470,2022-07-22,2024-08-26,진행중,2024-08-26,766.0
P0306,S0756,중앙정부,위탁용역,신기술 동향 분석 용역,790,2023-06-25,2024-03-19,진행중,2024-03-19,268.0
P0307,S0135,중앙정부,위탁용역,공공기관 시스템 구축 용역,620,2022-06-23,2024-02-13,진행중,2024-02-13,600.0
P0308,S1576,중앙정부,기술사업화,초기창업패키지,410,2022-10-20,2023-07-02,완료,2023-07-02,255.0
P0309,S0922,중앙정부,기술사업화,초기창업패키지,1000,2022-07-19,2024-10-31,진행중,2024-10-31,835.0
P0310,S1204,중앙정부,위탁용역,지자체 특화산업 연구용역,650,2023-07-22,2026-06-25,진행중,2026-06-25,1069.0
P0311,S0114,공공기관,기술사업화,실험실 특화형 창업선도대학,220,2021-06-15,2022-11-07,완료,2022-11-07,510.0
P0312,S1453,중앙정부,위탁용역,공공기관 시스템 구축 용역,370,2023-05-17,2024-02-01,진행중,2024-02-01,260.0
P0313,S0514,중앙정부,위탁용역,지자체 특화산업 연구용역,170,2022-10-03,2024-02-05,진행중,2024-02-05,490.0
P0314,S1259,지자체,기술사업화,초기창업패키지,760,2023-08-23,2025-10-05,진행중,2025-10-05,774.0
P0315,S0316,중앙정부,기술사업화,실험실 특화형 창업선도대학,730,2021-02-12,2023-12-04,완료,2023-12-04,1025.0
P0316,S1770,중앙정부,R&D지원,산학연 Collabo R&D,840,2021-08-04,2024-03-26,진행중,2024-03-26,965.0
P0317,S1172,중앙정부,기술사업화,기술이전 사업화 지원,810,2022-07-13,2023-11-01,완료,2023-11-01,476.0
P0318,S1315,대학,기술사업화,기술이전 사업화 지원,390,2022-04-10,2022-12-20,완료,2022-12-20,254.0
P0319,S1411,중앙정부,기술사업화,기술이전 사업화 지원,600,2021-07-28,2023-01-07,완료,2023-01-07,528.0
P0320,S1243,중앙정부,위탁용역,지자체 특화산업 연구용역,940,2023-06-01,2024-11-15,진행중,2024-11-15,533.0
P0321,S0817,중앙정부,R&D지원,창업성장기술개발사업,410,2021-09-05,2023-06-24,완료,2023-06-24,657.0
P0322,S0251,중앙정부,R&D지원,창업성장기술개발사업,70,2021-10-25,2023-05-21,완료,2023-05-21,573.0
P0323,S1770,지자체,R&D지원,디딤돌 기술개발,420,2023-08-15,2025-09-24,진행중,2025-09-24,771.0
P0324,S1477,중앙정부,인력양성,산학연계 인력양성,660,2022-04-24,2024-03-14,진행중,2024-03-14,690.0
P0325,S1801,중앙정부,R&D지원,미래유망 R&D 사업,650,2022-04-14,2023-06-14,완료,2023-06-14,426.0
P0326,S0441,지자체,R&D지원,산학연 Collabo R&D,640,2022-09-04,,진행중,2023-12-31,483.0
P0327,S1727,지자체,기술사업화,TIPS 프로그램,140,2022-03-18,2023-01-29,완료,2023-01-29,317.0
P0328,S1808,중앙정부,R&D지원,미래유망 R&D 사업,470,2021-02-16,2022-09-29,완료,2022-09-29,590.0
P0329,S0105,지자체,R&D지원,산학연 Collabo R&D,100,2022-01-31,2023-12-28,완료,2023-12-28,696.0
P0330,S0923,공공기관,R&D지원,창업성장기술개발사업,170,2023-09-26,2024-07-01,진행중,2024-07-01,279.0
P0331,S0807,중앙정부,위탁용역,공공기관 시스템 구축 용역,470,2023-02-13,2010-01-01,진행중,2010-01-01,
P0332,S0408,지자체,기술사업화,TIPS 프로그램,60,2021-02-09,2021-12-26,완료,2021-12-26,320.0
P0333,S1462,중앙정부,기술사업화,기술이전 사업화 지원,200,2022-09-13,,진행중,2023-12-31,474.0
P0334,S1056,중앙정부,위탁용역,지자체 특화산업 연구용역,210,2022-02-07,2024-04-28,진행중,2024-04-28,811.0
P0335,S1515,공공기관,기술사업화,기술이전 사업화 지원,910,2022-07-31,2023-11-29,완료,2023-11-29,486.0
P0336,S0973,공공기관,R&D지원,창업성장기술개발사업,540,2022-08-21,2023-12-29,완료,2023-12-29,495.0
P0337,S1632,민간기업,위탁용역,공공기관 시스템 구축 용역,40,2022-09-04,2024-06-30,진행중,2024-06-30,665.0
P0338,S0544,대학,인력양성,첨단산업 인재양성 부트캠프,740,2021-08-22,2024-02-26,진행중,2024-02-26,918.0
P0339,S0106,지자체,R&D지원,미래유망 R&D 사업,190,2023-04-22,2025-09-15,진행중,2025-09-15,877.0
P0340,S0497,중앙정부,위탁용역,신기술 동향 분석 용역,250,2021-01-20,2022-10-13,완료,2022-10-13,631.0
P0341,S0643,중앙정부,기술사업화,초기창업패키지,530,2022-05-29,2025-01-26,진행중,2025-01-26,973.0
P0342,S1253,민간기업,위탁용역,공공기관 시스템 구축 용역,940,2021-03-05,2023-08-24,완료,2023-08-24,902.0
P0343,S0283,지자체,기술사업화,기술이전 사업화 지원,680,2022-01-21,2023-06-06,완료,2023-06-06,501.0
P0344,S0355,중앙정부,기술사업화,실험실 특화형 창업선도대학,870,2023-03-02,2026-02-02,진행중,2026-02-02,1068.0
P0345,S1477,지자체,펀드운용,지역혁신 벤처펀드,790,2022-05-11,2010-01-01,완료,2010-01-01,
P0346,S0505,중앙정부,R&D지원,산학연 Collabo R&D,990,2021-10-23,2024-04-11,진행중,2024-04-11,901.0
P0347,S0425,지자체,기술사업화,기술이전 사업화 지원,450,2022-07-28,2025-04-17,진행중,2025-04-17,994.0
P0348,S1478,중앙정부,R&D지원,미래유망 R&D 사업,510,2023-04-19,2024-10-03,진행중,2024-10-03,533.0
P0349,S1584,공공기관,R&D지원,산학연 Collabo R&D,920,2021-03-22,2022-09-07,완료,2022-09-07,534.0
P0350,S0906,지자체,인력양성,청년 디지털 일자리 사업,260,2023-04-28,,진행중,2023-12-31,247.0
P0351,S0556,민간기업,기술사업화,초기창업패키지,140,2022-09-23,2025-04-18,진행중,2025-04-18,938.0
P0352,S1202,중앙정부,R&D지원,디딤돌 기술개발,820,2021-08-27,2022-04-17,완료,2022-04-17,233.0
P0353,S0206,중앙정부,인력양성,청년 디지털 일자리 사업,880,2023-03-01,2024-01-15,진행중,2024-01-15,320.0
P0354,S0011,대학,위탁용역,신기술 동향 분석 용역,530,2022-10-31,2025-10-16,진행중,2025-10-16,1081.0
P0355,S1799,중앙정부,기술사업화,실험실 특화형 창업선도대학,420,2021-10-20,2024-02-08,진행중,2024-02-08,841.0
P0356,S0122,민간기업,R&D지원,디딤돌 기술개발,690,2023-01-27,2025-08-04,진행중,2025-08-04,920.0
P0357,S1742,민간기업,위탁용역,신기술 동향 분석 용역,540,2023-06-23,2026-04-25,진행중,2026-04-25,1037.0
P0358,S0361,민간기업,R&D지원,미래유망 R&D 사업,640,2021-07-10,2024-02-11,진행중,2024-02-11,946.0
P0359,S1787,민간기업,위탁용역,신기술 동향 분석 용역,390,2022-08-05,2024-10-10,진행중,2024-10-10,797.0
P0360,S0220,민간기업,R&D지원,미래유망 R&D 사업,830,2022-07-11,2024-06-26,진행중,2024-06-26,716.0
P0361,S1012,민간기업,R&D지원,미래유망 R&D 사업,350,2021-07-17,2024-04-20,진행중,2024-04-20,1008.0
P0362,S0231,중앙정부,인력양성,첨단산업 인재양성 부트캠프,330,2023-01-06,2024-01-11,진행중,2024-01-11,370.0
P0363,S0029,공공기관,인력양성,첨단산업 인재양성 부트캠프,870,2023-02-15,2024-02-27,진행중,2024-02-27,377.0
P0364,S0360,지자체,기술사업화,기술이전 사업화 지원,550,2022-06-12,2023-11-09,완료,2023-11-09,515.0
P0365,S0178,중앙정부,R&D지원,디딤돌 기술개발,620,2021-11-28,2023-02-05,완료,2023-02-05,434.0
P0366,S0014,중앙정부,R&D지원,산학연 Collabo R&D,430,2021-11-06,2023-12-22,완료,2023-12-22,776.0
P0367,S1481,지자체,R&D지원,산학연 Collabo R&D,890,2021-08-30,,완료,2023-12-31,853.0
P0368,S1368,중앙정부,R&D지원,미래유망 R&D 사업,880,2022-05-30,2025-05-23,진행중,2025-05-23,1089.0
P0369,S1441,공공기관,기술사업화,실험실 특화형 창업선도대학,480,2022-09-22,2023-11-02,완료,2023-11-02,406.0
P0370,S0449,대학,기술사업화,기술이전 사업화 지원,960,2022-09-13,,진행중,2023-12-31,474.0
P0371,S0852,공공기관,위탁용역,공공기관 시스템 구축 용역,860,2023-04-26,2024-06-02,진행중,2024-06-02,403.0
P0372,S1561,중앙정부,인력양성,청년 디지털 일자리 사업,680,2022-04-03,2024-03-23,진행중,2024-03-23,720.0
P0373,S1442,중앙정부,위탁용역,신기술 동향 분석 용역,80,2023-04-29,2025-05-08,진행중,2025-05-08,740.0
P0374,S1850,지자체,기술사업화,초기창업패키지,220,2021-12-02,2024-10-21,진행중,2024-10-21,1054.0
P0375,S1066,중앙정부,기술사업화,기술이전 사업화 지원,120,2023-07-10,2025-06-11,진행중,2025-06-11,702.0
P0376,S0913,공공기관,기술사업화,기술이전 사업화 지원,590,2022-08-01,2023-03-28,완료,2023-03-28,239.0
P0377,S1145,중앙정부,펀드운용,모태펀드 자펀드 운용,30,2022-02-10,2023-04-26,완료,2023-04-26,440.0
P0378,S1673,중앙정부,R&D지원,창업성장기술개발사업,60,2022-03-10,,완료,2023-12-31,661.0
P0379,S1435,중앙정부,위탁용역,신기술 동향 분석 용역,610,2021-02-02,2022-05-21,완료,2022-05-21,473.0
P0380,S0838,중앙정부,R&D지원,미래유망 R&D 사업,480,2023-07-02,2025-01-23,진행중,2025-01-23,571.0
P0381,S0919,민간기업,위탁용역,지자체 특화산업 연구용역,110,2022-12-01,2025-04-06,진행중,2025-04-06,857.0
P0382,S1792,지자체,기술사업화,실험실 특화형 창업선도대학,160,2021-07-02,2023-07-02,완료,2023-07-02,730.0
P0383,S0805,지자체,인력양성,청년 디지털 일자리 사업,10,2023-02-14,2023-09-05,완료,2023-09-05,203.0
P0384,S0612,중앙정부,인력양성,산학연계 인력양성,690,2022-01-24,2024-11-12,진행중,2024-11-12,1023.0
P0385,S0471,중앙정부,R&D지원,산학연 Collabo R&D,250,2023-08-18,2026-07-29,진행중,2026-07-29,1076.0
P0386,S1485,공공기관,R&D지원,미래유망 R&D 사업,790,2023-02-24,2026-02-12,진행중,2026-02-12,1084.0
P0387,S1821,중앙정부,R&D지원,창업성장기술개발사업,770,2021-02-04,,완료,2023-12-31,1060.0
P0388,S1225,지자체,위탁용역,신기술 동향 분석 용역,950,2021-02-15,2022-09-29,완료,2022-09-29,591.0
P0389,S0899,중앙정부,R&D지원,창업성장기술개발사업,180,2022-05-31,2023-09-19,완료,2023-09-19,476.0
P0390,S0480,공공기관,인력양성,산학연계 인력양성,740,2022-09-05,2025-05-03,진행중,2025-05-03,971.0
P0391,S1378,공공기관,R&D지원,디딤돌 기술개발,850,2022-06-18,2023-07-29,완료,2023-07-29,406.0
P0392,S0847,중앙정부,R&D지원,디딤돌 기술개발,810,2022-11-27,,진행중,2023-12-31,399.0
P0393,S1139,중앙정부,위탁용역,공공기관 시스템 구축 용역,860,2022-01-26,2024-10-06,진행중,2024-10-06,984.0
P0394,S1075,중앙정부,기술사업화,초기창업패키지,390,2022-01-21,2023-01-24,완료,2023-01-24,368.0
P0395,S1546,지자체,R&D지원,디딤돌 기술개발,390,2023-05-29,2025-11-18,진행중,2025-11-18,904.0
P0396,S0296,공공기관,위탁용역,공공기관 시스템 구축 용역,530,2023-09-19,2025-05-17,진행중,2025-05-17,606.0
P0397,S1142,지자체,R&D지원,산학연 Collabo R&D,270,2021-12-05,2024-03-26,진행중,2024-03-26,842.0
P0398,S0162,민간기업,펀드운용,대학창업펀드 조성사업,690,2023-01-12,2025-11-06,진행중,2025-11-06,1029.0
P0399,S0391,중앙정부,R&D지원,창업성장기술개발사업,100,2021-07-12,2024-04-10,진행중,2024-04-10,1003.0
P0400,S1560,지자체,기술사업화,초기창업패키지,620,2021-08-02,2024-07-07,진행중,2024-07-07,1070.0
P0401,S1858,중앙정부,위탁용역,신기술 동향 분석 용역,280,2023-08-18,2024-08-26,진행중,2024-08-26,374.0
P0402,S1519,중앙정부,위탁용역,지자체 특화산업 연구용역,320,2022-12-14,2025-02-19,진행중,2025-02-19,798.0
P0403,S1442,중앙정부,위탁용역,공공기관 시스템 구축 용역,420,2023-03-06,2024-06-17,진행중,2024-06-17,469.0
P0404,S0780,중앙정부,기술사업화,실험실 특화형 창업선도대학,340,2022-01-04,2023-12-10,완료,2023-12-10,705.0
P0405,S1808,중앙정부,R&D지원,미래유망 R&D 사업,980,2023-05-10,2024-09-28,진행중,2024-09-28,507.0
P0406,S1873,중앙정부,R&D지원,창업성장기술개발사업,730,2023-06-04,,진행중,2023-12-31,210.0
P0407,S1519,중앙정부,R&D지원,미래유망 R&D 사업,380,2021-06-06,2022-06-21,완료,2022-06-21,380.0
P0408,S0676,중앙정부,기술사업화,초기창업패키지,640,2022-07-18,2024-11-14,진행중,2024-11-14,850.0
P0409,S1403,중앙정부,인력양성,산학연계 인력양성,930,2022-10-20,2025-05-14,진행중,2025-05-14,937.0
P0410,S1005,중앙정부,인력양성,산학연계 인력양성,220,2021-05-24,2023-11-27,완료,2023-11-27,917.0
P0411,S1120,중앙정부,위탁용역,공공기관 시스템 구축 용역,830,2023-09-08,2024-05-05,진행중,2024-05-05,240.0
P0412,S1074,중앙정부,펀드운용,모태펀드 자펀드 운용,70,2023-02-22,2023-08-27,완료,2023-08-27,186.0
P0413,S0845,중앙정부,기술사업화,TIPS 프로그램,910,2021-06-04,2021-12-10,완료,2021-12-10,189.0
P0414,S0448,지자체,R&D지원,미래유망 R&D 사업,850,2022-05-15,2022-11-27,완료,2022-11-27,196.0
P0415,S0014,지자체,기술사업화,TIPS 프로그램,680,2023-01-10,2024-04-15,진행중,2024-04-15,461.0
P0416,S1098,대학,R&D지원,미래유망 R&D 사업,230,2021-04-20,2022-01-23,완료,2022-01-23,278.0
P0417,S1074,중앙정부,R&D지원,산학연 Collabo R&D,460,2021-10-01,2024-06-21,진행중,2024-06-21,994.0
P0418,S0813,중앙정부,위탁용역,지자체 특화산업 연구용역,730,2021-09-07,2024-02-17,진행중,2024-02-17,893.0
P0419,S0463,중앙정부,펀드운용,대학창업펀드 조성사업,840,2023-05-29,2025-09-20,진행중,2025-09-20,845.0
P0420,S1556,중앙정부,기술사업화,기술이전 사업화 지원,710,2022-05-03,2022-12-26,완료,2022-12-26,237.0
P0421,S1305,중앙정부,R&D지원,미래유망 R&D 사업,560,2022-10-23,2025-07-02,진행중,2025-07-02,983.0
P0422,S0679,지자체,위탁용역,신기술 동향 분석 용역,680,2023-07-31,,진행중,2023-12-31,153.0
P0423,S0471,중앙정부,위탁용역,공공기관 시스템 구축 용역,610,2021-10-05,2022-05-20,완료,2022-05-20,227.0
P0424,S0153,지자체,R&D지원,창업성장기술개발사업,230,2023-08-10,2026-06-25,진행중,2026-06-25,1050.0
P0425,S0645,중앙정부,R&D지원,디딤돌 기술개발,970,2023-04-21,,진행중,2023-12-31,254.0
P0426,S1682,중앙정부,R&D지원,디딤돌 기술개발,730,2021-09-04,2023-10-04,완료,2023-10-04,760.0
P0427,S1710,공공기관,기술사업화,실험실 특화형 창업선도대학,500,2023-02-13,2025-09-07,진행중,2025-09-07,937.0
P0428,S0287,공공기관,기술사업화,TIPS 프로그램,650,2023-02-03,2024-07-21,진행중,2024-07-21,534.0
P0429,S0110,중앙정부,R&D지원,창업성장기술개발사업,440,2022-09-12,2025-05-06,진행중,2025-05-06,967.0
P0430,S1258,대학,R&D지원,산학연 Collabo R&D,40,2022-10-12,2024-01-14,진행중,2024-01-14,459.0
P0431,S1605,대학,기술사업화,실험실 특화형 창업선도대학,710,2023-08-22,2025-03-08,진행중,2025-03-08,564.0
P0432,S0885,중앙정부,기술사업화,기술이전 사업화 지원,110,2023-03-02,2025-05-23,진행중,2025-05-23,813.0
P0433,S0605,공공기관,인력양성,청년 디지털 일자리 사업,350,2021-06-07,2022-12-28,완료,2022-12-28,569.0
P0434,S1458,공공기관,R&D지원,미래유망 R&D 사업,410,2022-01-05,2022-10-21,완료,2022-10-21,289.0
P0435,S0188,중앙정부,R&D지원,산학연 Collabo R&D,980,2021-10-04,2022-07-15,완료,2022-07-15,284.0
P0436,S0272,중앙정부,기술사업화,기술이전 사업화 지원,140,2021-01-27,2021-10-25,완료,2021-10-25,271.0
P0437,S0725,지자체,기술사업화,실험실 특화형 창업선도대학,500,2021-01-13,,완료,2023-12-31,1082.0
P0438,S0848,중앙정부,R&D지원,디딤돌 기술개발,740,2022-06-18,2023-06-06,완료,2023-06-06,353.0
P0439,S1404,중앙정부,R&D지원,산학연 Collabo R&D,350,2022-05-20,2023-04-14,완료,2023-04-14,329.0
P0440,S0130,중앙정부,R&D지원,산학연 Collabo R&D,620,2023-03-13,2023-11-26,완료,2023-11-26,258.0
P0441,S0740,중앙정부,R&D지원,미래유망 R&D 사업,770,2022-09-24,2023-10-09,완료,2023-10-09,380.0
P0442,S0938,중앙정부,R&D지원,미래유망 R&D 사업,430,2023-05-12,2025-08-04,진행중,2025-08-04,815.0
P0443,S0779,공공기관,R&D지원,산학연 Collabo R&D,560,2023-04-16,2026-02-02,진행중,2026-02-02,1023.0
P0444,S1761,지자체,기술사업화,실험실 특화형 창업선도대학,420,2022-09-10,2025-02-17,진행중,2025-02-17,891.0
P0445,S0412,중앙정부,R&D지원,미래유망 R&D 사업,410,2021-10-26,,진행중,2023-12-31,796.0
P0446,S1424,지자체,위탁용역,신기술 동향 분석 용역,420,2022-01-21,2023-05-03,완료,2023-05-03,467.0
P0447,S1673,공공기관,R&D지원,디딤돌 기술개발,760,2022-07-13,2023-07-12,완료,2023-07-12,364.0
P0448,S1397,공공기관,R&D지원,미래유망 R&D 사업,910,2021-08-03,2023-04-23,완료,2023-04-23,628.0
P0449,S1634,중앙정부,기술사업화,기술이전 사업화 지원,870,2022-05-27,2023-04-14,완료,2023-04-14,322.0
P0450,S1298,중앙정부,R&D지원,디딤돌 기술개발,920,2022-03-10,2024-11-22,진행중,2024-11-22,988.0
P0451,S0773,중앙정부,위탁용역,지자체 특화산업 연구용역,750,2022-02-15,,진행중,2023-12-31,684.0
P0452,S1038,민간기업,위탁용역,지자체 특화산업 연구용역,700,2021-02-07,2023-10-24,완료,2023-10-24,989.0
P0453,S0737,공공기관,펀드운용,모태펀드 자펀드 운용,820,2023-07-26,2024-04-18,진행중,2024-04-18,267.0
P0454,S0224,공공기관,기술사업화,실험실 특화형 창업선도대학,220,2022-10-25,2025-01-09,진행중,2025-01-09,807.0
P0455,S0091,지자체,기술사업화,기술이전 사업화 지원,970,2021-12-06,2024-08-27,진행중,2024-08-27,995.0
P0456,S0882,중앙정부,R&D지원,디딤돌 기술개발,660,2023-02-04,2025-01-15,진행중,2025-01-15,711.0
P0457,S1143,지자체,기술사업화,기술이전 사업화 지원,480,2022-02-05,2023-11-21,완료,2023-11-21,654.0
P0458,S1582,지자체,기술사업화,초기창업패키지,450,2021-01-26,2022-12-01,완료,2022-12-01,674.0
P0459,S0215,중앙정부,위탁용역,신기술 동향 분석 용역,150,2023-05-02,2025-11-14,진행중,2025-11-14,927.0
P0460,S0291,중앙정부,R&D지원,디딤돌 기술개발,670,2022-05-10,2023-10-28,완료,2023-10-28,536.0
P0461,S0976,중앙정부,인력양성,산학연계 인력양성,410,2021-03-10,2022-07-10,완료,2022-07-10,487.0
P0462,S0092,공공기관,R&D지원,산학연 Collabo R&D,830,2021-04-22,2023-09-12,완료,2023-09-12,873.0
P0463,S1639,중앙정부,위탁용역,신기술 동향 분석 용역,670,2021-06-28,2023-07-13,완료,2023-07-13,745.0
P0464,S0328,중앙정부,기술사업화,기술이전 사업화 지원,300,2023-03-28,2024-11-11,진행중,2024-11-11,594.0
P0465,S1290,중앙정부,기술사업화,기술이전 사업화 지원,510,2021-01-30,2023-08-23,완료,2023-08-23,935.0
P0466,S1258,민간기업,기술사업화,기술이전 사업화 지원,500,2021-01-05,2023-06-25,완료,2023-06-25,901.0
P0467,S0440,중앙정부,인력양성,청년 디지털 일자리 사업,740,2021-04-15,2024-01-08,진행중,2024-01-08,998.0
P0468,S1786,지자체,R&D지원,디딤돌 기술개발,590,2021-04-27,2022-07-19,완료,2022-07-19,448.0
P0469,S1374,민간기업,기술사업화,실험실 특화형 창업선도대학,770,2022-02-02,2024-04-17,진행중,2024-04-17,805.0
P0470,S0804,지자체,R&D지원,미래유망 R&D 사업,800,2021-06-26,2024-04-04,진행중,2024-04-04,1013.0
P0471,S1380,공공기관,R&D지원,창업성장기술개발사업,870,2021-05-18,2022-09-30,완료,2022-09-30,500.0
P0472,S0242,중앙정부,R&D지원,산학연 Collabo R&D,890,2021-05-25,2023-04-28,완료,2023-04-28,703.0
P0473,S0796,중앙정부,R&D지원,미래유망 R&D 사업,550,2021-07-10,2023-05-19,완료,2023-05-19,678.0
P0474,S1302,지자체,위탁용역,신기술 동향 분석 용역,720,2021-06-20,2023-05-02,완료,2023-05-02,681.0
P0475,S0592,중앙정부,R&D지원,미래유망 R&D 사업,800,2021-02-24,2024-01-26,진행중,2024-01-26,1066.0
P0476,S0736,대학,기술사업화,초기창업패키지,500,2023-09-14,2025-10-08,진행중,2025-10-08,755.0
P0477,S1036,지자체,기술사업화,기술이전 사업화 지원,540,2022-12-29,2025-11-03,진행중,2025-11-03,1040.0
P0478,S0910,중앙정부,R&D지원,창업성장기술개발사업,980,2021-08-14,2022-12-06,완료,2022-12-06,479.0
P0479,S0067,중앙정부,기술사업화,초기창업패키지,1000,2022-04-14,,진행중,2023-12-31,626.0
P0480,S1521,공공기관,기술사업화,TIPS 프로그램,740,2021-04-27,2022-07-25,완료,2022-07-25,454.0
P0481,S1588,지자체,위탁용역,공공기관 시스템 구축 용역,970,2021-02-12,2023-09-28,완료,2023-09-28,958.0
P0482,S1473,중앙정부,R&D지원,미래유망 R&D 사업,140,2023-01-24,2025-11-18,진행중,2025-11-18,1029.0
P0483,S1339,공공기관,R&D지원,창업성장기술개발사업,580,2021-09-27,2023-03-17,완료,2023-03-17,536.0
P0484,S1766,공공기관,기술사업화,TIPS 프로그램,1000,2023-04-12,2024-06-07,진행중,2024-06-07,422.0
P0485,S0430,공공기관,기술사업화,실험실 특화형 창업선도대학,910,2022-09-17,2024-12-22,진행중,2024-12-22,827.0
P0486,S0877,중앙정부,R&D지원,디딤돌 기술개발,270,2023-04-05,2023-12-01,완료,2023-12-01,240.0
P0487,S1168,중앙정부,R&D지원,디딤돌 기술개발,420,2022-12-22,2024-04-14,진행중,2024-04-14,479.0
P0488,S0593,지자체,위탁용역,공공기관 시스템 구축 용역,870,2023-04-15,2024-01-17,진행중,2024-01-17,277.0
P0489,S0278,대학,인력양성,청년 디지털 일자리 사업,360,2023-06-07,2025-10-05,진행중,2025-10-05,851.0
P0490,S0260,공공기관,R&D지원,디딤돌 기술개발,920,2021-11-26,2024-09-19,진행중,2024-09-19,1028.0
P0491,S0507,공공기관,기술사업화,기술이전 사업화 지원,190,2022-08-15,2024-11-19,진행중,2024-11-19,827.0
P0492,S0551,지자체,R&D지원,창업성장기술개발사업,820,2023-03-25,2026-03-10,진행중,2026-03-10,1081.0
P0493,S1575,중앙정부,기술사업화,실험실 특화형 창업선도대학,890,2023-08-17,2026-07-30,진행중,2026-07-30,1078.0
P0494,S0756,중앙정부,기술사업화,TIPS 프로그램,1000,2023-05-18,2025-12-03,진행중,2025-12-03,930.0
P0495,S0191,공공기관,기술사업화,실험실 특화형 창업선도대학,90,2023-03-26,2025-03-22,진행중,2025-03-22,727.0
P0496,S0815,중앙정부,기술사업화,초기창업패키지,640,2021-10-02,2023-02-24,완료,2023-02-24,510.0
P0497,S1697,중앙정부,기술사업화,초기창업패키지,730,2023-05-23,2025-03-29,진행중,2025-03-29,676.0
P0498,S1615,중앙정부,기술사업화,TIPS 프로그램,60,2021-04-12,2023-07-12,완료,2023-07-12,821.0
P0499,S1606,공공기관,R&D지원,디딤돌 기술개발,570,2022-04-13,2022-10-10,완료,2022-10-10,180.0
P0500,S0877,중앙정부,기술사업화,초기창업패키지,840,2021-11-06,,완료,2023-12-31,785.0
P0501,S1791,민간기업,R&D지원,산학연 Collabo R&D,330,2021-03-26,2022-10-07,완료,2022-10-07,560.0
P0502,S1361,민간기업,R&D지원,미래유망 R&D 사업,810,2021-11-09,2024-05-20,진행중,2024-05-20,923.0
P0503,S1433,공공기관,기술사업화,TIPS 프로그램,910,2021-04-08,2021-10-06,완료,2021-10-06,181.0
P0504,S0438,중앙정부,R&D지원,디딤돌 기술개발,670,2022-11-28,2024-08-24,진행중,2024-08-24,635.0
P0505,S0020,중앙정부,R&D지원,창업성장기술개발사업,550,2022-12-12,2023-10-23,완료,2023-10-23,315.0
P0506,S0979,중앙정부,R&D지원,창업성장기술개발사업,140,2021-11-17,2023-05-27,완료,2023-05-27,556.0
P0507,S1805,중앙정부,R&D지원,디딤돌 기술개발,830,2022-11-25,2023-10-17,완료,2023-10-17,326.0
P0508,S0141,지자체,R&D지원,디딤돌 기술개발,570,2021-12-26,2024-07-02,진행중,2024-07-02,919.0
P0509,S0437,지자체,R&D지원,미래유망 R&D 사업,790,2022-12-05,2024-08-29,진행중,2024-08-29,633.0
P0510,S1762,중앙정부,위탁용역,신기술 동향 분석 용역,970,2021-05-07,2023-06-29,완료,2023-06-29,783.0
P0511,S1496,중앙정부,위탁용역,지자체 특화산업 연구용역,180,2021-09-11,2022-12-18,완료,2022-12-18,463.0
P0512,S1321,중앙정부,기술사업화,실험실 특화형 창업선도대학,1000,2023-08-22,,진행중,2023-12-31,131.0
P0513,S0055,공공기관,기술사업화,실험실 특화형 창업선도대학,270,2022-06-15,2024-08-24,진행중,2024-08-24,801.0
P0514,S1044,중앙정부,R&D지원,창업성장기술개발사업,310,2022-05-22,2023-12-18,완료,2023-12-18,575.0
P0515,S0231,중앙정부,기술사업화,TIPS 프로그램,680,2023-06-30,2010-01-01,진행중,2010-01-01,
P0516,S0740,민간기업,R&D지원,미래유망 R&D 사업,470,2022-07-14,2024-12-09,진행중,2024-12-09,879.0
P0517,S0354,공공기관,위탁용역,신기술 동향 분석 용역,30,2022-08-25,2023-05-01,완료,2023-05-01,249.0
P0518,S0029,중앙정부,R&D지원,창업성장기술개발사업,510,2022-06-03,,완료,2023-12-31,576.0
P0519,S1288,공공기관,인력양성,산학연계 인력양성,900,2022-02-16,2022-11-07,완료,2022-11-07,264.0
P0520,S1312,지자체,기술사업화,실험실 특화형 창업선도대학,110,2021-11-14,2022-08-01,완료,2022-08-01,260.0
P0521,S1048,민간기업,위탁용역,신기술 동향 분석 용역,690,2021-12-01,2023-07-04,완료,2023-07-04,580.0
P0522,S1202,지자체,펀드운용,모태펀드 자펀드 운용,830,2021-03-09,2022-07-19,완료,2022-07-19,497.0
P0523,S1431,중앙정부,위탁용역,신기술 동향 분석 용역,80,2021-09-08,2022-06-03,완료,2022-06-03,268.0
P0524,S0890,중앙정부,기술사업화,TIPS 프로그램,400,2022-11-14,,진행중,2023-12-31,412.0
P0525,S1348,공공기관,R&D지원,디딤돌 기술개발,900,2021-01-12,2021-12-25,완료,2021-12-25,347.0
P0526,S1017,대학,기술사업화,실험실 특화형 창업선도대학,220,2022-01-16,2022-11-21,완료,2022-11-21,309.0
P0527,S1536,공공기관,R&D지원,창업성장기술개발사업,990,2023-07-11,2024-02-06,진행중,2024-02-06,210.0
P0528,S0687,공공기관,R&D지원,창업성장기술개발사업,340,2022-12-31,2025-02-08,진행중,2025-02-08,770.0
P0529,S1286,중앙정부,기술사업화,실험실 특화형 창업선도대학,80,2022-05-27,2025-04-20,진행중,2025-04-20,1059.0
P0530,S1161,중앙정부,R&D지원,창업성장기술개발사업,740,2022-11-22,2025-05-30,진행중,2025-05-30,920.0
P0531,S0237,중앙정부,기술사업화,TIPS 프로그램,20,2021-09-08,,완료,2023-12-31,844.0
P0532,S0967,중앙정부,위탁용역,신기술 동향 분석 용역,50,2022-07-21,2025-04-18,진행중,2025-04-18,1002.0
P0533,S1872,공공기관,기술사업화,초기창업패키지,420,2021-09-12,2023-05-11,완료,2023-05-11,606.0
P0534,S1876,공공기관,R&D지원,창업성장기술개발사업,740,2022-01-17,2022-11-15,완료,2022-11-15,302.0
P0535,S1029,지자체,R&D지원,디딤돌 기술개발,670,2021-02-17,2022-09-30,완료,2022-09-30,590.0
P0536,S0142,민간기업,위탁용역,지자체 특화산업 연구용역,420,2021-03-30,2023-04-15,완료,2023-04-15,746.0
P0537,S0936,중앙정부,R&D지원,산학연 Collabo R&D,950,2022-09-30,2023-12-02,완료,2023-12-02,428.0
P0538,S0951,중앙정부,위탁용역,신기술 동향 분석 용역,940,2023-07-12,2025-07-20,진행중,2025-07-20,739.0
P0539,S1558,공공기관,R&D지원,미래유망 R&D 사업,40,2021-08-27,2023-08-31,완료,2023-08-31,734.0
P0540,S0710,지자체,기술사업화,TIPS 프로그램,430,2021-01-02,2023-08-17,완료,2023-08-17,957.0
P0541,S1347,중앙정부,인력양성,산학연계 인력양성,140,2021-07-30,2023-07-22,완료,2023-07-22,722.0
P0542,S0488,중앙정부,위탁용역,신기술 동향 분석 용역,920,2021-10-14,2022-07-16,완료,2022-07-16,275.0
P0543,S0090,민간기업,위탁용역,공공기관 시스템 구축 용역,530,2022-12-19,2024-07-02,진행중,2024-07-02,561.0
P0544,S0939,대학,R&D지원,창업성장기술개발사업,650,2021-05-17,2023-08-27,완료,2023-08-27,832.0
P0545,S1680,중앙정부,기술사업화,TIPS 프로그램,560,2022-11-10,2023-09-19,완료,2023-09-19,313.0
P0546,S0485,중앙정부,위탁용역,지자체 특화산업 연구용역,900,2023-05-02,,진행중,2023-12-31,243.0
P0547,S0669,중앙정부,R&D지원,창업성장기술개발사업,260,2021-05-20,,진행중,2023-12-31,955.0
P0548,S1578,지자체,R&D지원,디딤돌 기술개발,580,2022-04-23,,완료,2023-12-31,617.0
P0549,S0833,중앙정부,R&D지원,디딤돌 기술개발,580,2021-11-12,2023-08-28,완료,2023-08-28,654.0
P0550,S0543,민간기업,R&D지원,산학연 Collabo R&D,910,2022-12-15,2010-01-01,진행중,2010-01-01,
P0551,S0083,중앙정부,위탁용역,신기술 동향 분석 용역,120,2022-12-30,2024-03-08,진행중,2024-03-08,434.0
P0552,S0729,중앙정부,R&D지원,산학연 Collabo R&D,340,2023-04-20,,진행중,2023-12-31,255.0
P0553,S0064,대학,위탁용역,공공기관 시스템 구축 용역,960,2022-07-18,2023-09-26,완료,2023-09-26,435.0
P0554,S0194,중앙정부,펀드운용,대학창업펀드 조성사업,160,2021-01-13,,완료,2023-12-31,1082.0
P0555,S1701,공공기관,R&D지원,디딤돌 기술개발,520,2022-01-17,2024-06-17,진행중,2024-06-17,882.0
P0556,S1291,민간기업,R&D지원,산학연 Collabo R&D,100,2021-01-23,2021-09-26,완료,2021-09-26,246.0
P0557,S0405,민간기업,기술사업화,초기창업패키지,120,2023-07-16,2026-05-28,진행중,2026-05-28,1047.0
P0558,S1699,공공기관,R&D지원,미래유망 R&D 사업,70,2021-06-22,2023-07-29,완료,2023-07-29,767.0
P0559,S0888,공공기관,R&D지원,창업성장기술개발사업,490,2022-12-01,2024-08-08,진행중,2024-08-08,616.0
P0560,S0354,중앙정부,위탁용역,지자체 특화산업 연구용역,360,2022-04-02,2025-03-21,진행중,2025-03-21,1084.0
P0561,S0305,중앙정부,기술사업화,초기창업패키지,830,2021-10-30,2023-09-20,완료,2023-09-20,690.0
P0562,S0844,민간기업,기술사업화,TIPS 프로그램,360,2022-01-28,2010-01-01,완료,2010-01-01,
P0563,S0859,중앙정부,위탁용역,공공기관 시스템 구축 용역,320,2022-10-08,2025-07-05,진행중,2025-07-05,1001.0
P0564,S1114,공공기관,위탁용역,공공기관 시스템 구축 용역,460,2022-05-07,2024-05-13,진행중,2024-05-13,737.0
P0565,S1601,중앙정부,위탁용역,공공기관 시스템 구축 용역,420,2022-02-02,2023-05-04,완료,2023-05-04,456.0
P0566,S0369,중앙정부,기술사업화,TIPS 프로그램,1000,2021-10-15,2022-06-11,완료,2022-06-11,239.0
P0567,S1657,대학,기술사업화,초기창업패키지,210,2021-04-13,,완료,2023-12-31,992.0
P0568,S1346,중앙정부,기술사업화,TIPS 프로그램,980,2023-08-29,2024-10-06,진행중,2024-10-06,404.0
P0569,S1180,공공기관,인력양성,산학연계 인력양성,230,2021-06-30,2022-08-26,완료,2022-08-26,422.0
P0570,S1214,중앙정부,인력양성,산학연계 인력양성,760,2021-01-29,2023-07-18,완료,2023-07-18,900.0
P0571,S1435,중앙정부,기술사업화,초기창업패키지,730,2023-08-30,2024-09-05,진행중,2024-09-05,372.0
P0572,S1714,대학,위탁용역,지자체 특화산업 연구용역,700,2021-11-13,2022-11-07,완료,2022-11-07,359.0
P0573,S1005,중앙정부,R&D지원,디딤돌 기술개발,30,2022-06-24,2024-04-23,진행중,2024-04-23,669.0
P0574,S0002,중앙정부,기술사업화,초기창업패키지,440,2023-01-05,2024-01-01,진행중,2024-01-01,361.0
P0575,S1882,공공기관,위탁용역,신기술 동향 분석 용역,30,2021-06-01,2023-07-21,완료,2023-07-21,780.0
P0576,S1444,민간기업,인력양성,첨단산업 인재양성 부트캠프,470,2023-09-11,2024-05-22,진행중,2024-05-22,254.0
P0577,S0766,공공기관,기술사업화,TIPS 프로그램,440,2021-11-06,2023-03-31,완료,2023-03-31,510.0
P0578,S0280,대학,인력양성,산학연계 인력양성,820,2023-09-11,2025-07-20,진행중,2025-07-20,678.0
P0579,S1330,중앙정부,인력양성,첨단산업 인재양성 부트캠프,890,2023-06-30,2025-09-15,진행중,2025-09-15,808.0
P0580,S1612,중앙정부,기술사업화,초기창업패키지,490,2021-11-11,2024-05-30,진행중,2024-05-30,931.0
P0581,S1411,중앙정부,R&D지원,창업성장기술개발사업,900,2023-08-30,2025-10-04,진행중,2025-10-04,766.0
P0582,S0802,민간기업,인력양성,첨단산업 인재양성 부트캠프,50,2021-07-06,2023-09-10,완료,2023-09-10,796.0
P0583,S0652,민간기업,위탁용역,신기술 동향 분석 용역,820,2022-08-03,2023-05-16,완료,2023-05-16,286.0
P0584,S1017,중앙정부,인력양성,청년 디지털 일자리 사업,450,2021-11-24,2022-11-10,완료,2022-11-10,351.0
P0585,S1303,민간기업,R&D지원,산학연 Collabo R&D,580,2021-01-12,2022-04-08,완료,2022-04-08,451.0
P0586,S0430,중앙정부,R&D지원,산학연 Collabo R&D,140,2023-01-08,2023-07-08,완료,2023-07-08,181.0
P0587,S0099,중앙정부,인력양성,청년 디지털 일자리 사업,530,2022-05-20,2025-05-06,진행중,2025-05-06,1082.0
P0588,S0776,중앙정부,R&D지원,미래유망 R&D 사업,740,2022-10-29,2025-06-11,진행중,2025-06-11,956.0
P0589,S1408,중앙정부,기술사업화,TIPS 프로그램,380,2021-01-21,2022-06-11,완료,2022-06-11,506.0
P0590,S0535,대학,R&D지원,디딤돌 기술개발,490,2021-06-14,2023-12-30,완료,2023-12-30,929.0
P0591,S0154,지자체,위탁용역,신기술 동향 분석 용역,440,2022-09-01,2024-11-17,진행중,2024-11-17,808.0
P0592,S1830,중앙정부,R&D지원,디딤돌 기술개발,780,2023-07-01,2025-03-16,진행중,2025-03-16,624.0
P0593,S0322,중앙정부,R&D지원,디딤돌 기술개발,530,2022-12-15,,진행중,2023-12-31,381.0
P0594,S1479,민간기업,기술사업화,실험실 특화형 창업선도대학,390,2021-09-01,2022-06-06,완료,2022-06-06,278.0
P0595,S0102,중앙정부,기술사업화,기술이전 사업화 지원,200,2021-02-25,,완료,2023-12-31,1039.0
P0596,S0008,중앙정부,R&D지원,미래유망 R&D 사업,260,2021-04-10,2021-11-02,완료,2021-11-02,206.0
P0597,S0424,중앙정부,R&D지원,창업성장기술개발사업,610,2023-05-15,,진행중,2023-12-31,230.0
P0598,S0632,공공기관,기술사업화,실험실 특화형 창업선도대학,120,2022-10-20,2024-10-26,진행중,2024-10-26,737.0
P0599,S0794,중앙정부,위탁용역,지자체 특화산업 연구용역,240,2022-04-02,,완료,2023-12-31,638.0
P0600,S0540,중앙정부,R&D지원,산학연 Collabo R&D,730,2021-03-05,2022-02-02,완료,2022-02-02,334.0
P0601,S1541,지자체,R&D지원,산학연 Collabo R&D,700,2022-02-28,2024-10-09,진행중,2024-10-09,954.0
P0602,S1208,중앙정부,R&D지원,미래유망 R&D 사업,670,2022-03-05,2024-03-02,진행중,2024-03-02,728.0
P0603,S1408,민간기업,기술사업화,초기창업패키지,610,2021-11-03,2022-07-21,완료,2022-07-21,260.0
P0604,S0809,민간기업,인력양성,첨단산업 인재양성 부트캠프,740,2023-07-12,2025-06-20,진행중,2025-06-20,709.0
P0605,S1640,지자체,위탁용역,신기술 동향 분석 용역,160,2023-08-31,,진행중,2023-12-31,122.0
P0606,S0920,중앙정부,위탁용역,신기술 동향 분석 용역,250,2021-05-10,2021-12-19,완료,2021-12-19,223.0
P0607,S0868,중앙정부,기술사업화,초기창업패키지,810,2021-06-01,2024-03-31,진행중,2024-03-31,1034.0
P0608,S1219,중앙정부,위탁용역,신기술 동향 분석 용역,120,2022-02-02,2024-02-21,진행중,2024-02-21,749.0
P0609,S0814,지자체,위탁용역,공공기관 시스템 구축 용역,590,2023-07-29,2026-07-07,진행중,2026-07-07,1074.0
P0610,S0026,공공기관,기술사업화,기술이전 사업화 지원,150,2022-03-01,2023-01-28,완료,2023-01-28,333.0
P0611,S0304,지자체,기술사업화,TIPS 프로그램,140,2022-07-31,2025-04-04,진행중,2025-04-04,978.0
P0612,S0207,공공기관,위탁용역,지자체 특화산업 연구용역,530,2021-09-28,2023-04-23,완료,2023-04-23,572.0
P0613,S1342,중앙정부,기술사업화,TIPS 프로그램,230,2021-10-10,2023-05-25,완료,2023-05-25,592.0
P0614,S0295,지자체,기술사업화,기술이전 사업화 지원,50,2022-02-10,2025-02-04,진행중,2025-02-04,1090.0
P0615,S1801,중앙정부,R&D지원,미래유망 R&D 사업,350,2023-07-08,,진행중,2023-12-31,176.0
P0616,S0042,중앙정부,인력양성,산학연계 인력양성,360,2023-05-14,,진행중,2023-12-31,231.0
P0617,S1758,지자체,R&D지원,디딤돌 기술개발,180,2021-11-04,2024-06-02,진행중,2024-06-02,941.0
P0618,S0908,공공기관,R&D지원,미래유망 R&D 사업,780,2022-10-24,,완료,2023-12-31,433.0
P0619,S0385,중앙정부,위탁용역,지자체 특화산업 연구용역,950,2022-05-12,2024-12-24,진행중,2024-12-24,957.0
P0620,S1058,민간기업,펀드운용,모태펀드 자펀드 운용,210,2021-03-09,2022-07-20,완료,2022-07-20,498.0
P0621,S1454,지자체,R&D지원,창업성장기술개발사업,230,2021-07-17,2024-06-27,진행중,2024-06-27,1076.0
P0622,S1706,중앙정부,R&D지원,창업성장기술개발사업,590,2021-02-21,2022-08-24,완료,2022-08-24,549.0
P0623,S1444,중앙정부,R&D지원,미래유망 R&D 사업,650,2022-02-11,2024-05-21,진행중,2024-05-21,830.0
P0624,S0254,지자체,R&D지원,미래유망 R&D 사업,770,2022-04-02,2023-03-29,완료,2023-03-29,361.0
P0625,S1783,중앙정부,기술사업화,실험실 특화형 창업선도대학,210,2023-05-08,2026-05-07,진행중,2026-05-07,1095.0
P0626,S0530,공공기관,기술사업화,실험실 특화형 창업선도대학,40,2022-01-31,2022-09-18,완료,2022-09-18,230.0
P0627,S0334,민간기업,인력양성,청년 디지털 일자리 사업,290,2022-10-25,2023-12-09,완료,2023-12-09,410.0
P0628,S1388,중앙정부,기술사업화,TIPS 프로그램,1000,2023-09-18,2026-05-10,진행중,2026-05-10,965.0
P0629,S1398,중앙정부,위탁용역,공공기관 시스템 구축 용역,230,2022-09-08,2025-06-04,진행중,2025-06-04,1000.0
P0630,S0018,중앙정부,기술사업화,실험실 특화형 창업선도대학,920,2023-09-18,2026-03-12,진행중,2026-03-12,906.0
P0631,S1317,중앙정부,위탁용역,지자체 특화산업 연구용역,590,2021-09-16,2022-10-24,완료,2022-10-24,403.0
P0632,S0956,중앙정부,기술사업화,기술이전 사업화 지원,750,2021-04-15,2021-10-19,완료,2021-10-19,187.0
P0633,S1048,대학,위탁용역,지자체 특화산업 연구용역,720,2022-10-25,2024-12-21,진행중,2024-12-21,788.0
P0634,S1248,중앙정부,기술사업화,기술이전 사업화 지원,90,2021-12-11,2023-03-19,완료,2023-03-19,463.0
P0635,S1312,중앙정부,R&D지원,산학연 Collabo R&D,250,2021-06-03,2023-05-13,완료,2023-05-13,709.0
P0636,S1568,중앙정부,R&D지원,미래유망 R&D 사업,850,2021-11-24,2024-04-19,진행중,2024-04-19,877.0
P0637,S0287,공공기관,기술사업화,실험실 특화형 창업선도대학,340,2023-07-18,2025-03-17,진행중,2025-03-17,608.0
P0638,S0829,중앙정부,R&D지원,디딤돌 기술개발,440,2023-01-14,2025-07-12,진행중,2025-07-12,910.0
P0639,S0456,지자체,기술사업화,기술이전 사업화 지원,860,2022-01-03,2023-12-03,완료,2023-12-03,699.0
P0640,S0615,공공기관,펀드운용,모태펀드 자펀드 운용,240,2021-10-28,2022-08-03,완료,2022-08-03,279.0
P0641,S0965,중앙정부,R&D지원,디딤돌 기술개발,880,2023-07-11,2024-12-15,진행중,2024-12-15,523.0
P0642,S1341,중앙정부,R&D지원,산학연 Collabo R&D,540,2023-03-19,2026-03-11,진행중,2026-03-11,1088.0
P0643,S0679,중앙정부,기술사업화,기술이전 사업화 지원,160,2022-04-27,2022-12-17,완료,2022-12-17,234.0
P0644,S1775,지자체,기술사업화,TIPS 프로그램,610,2023-06-30,2024-07-13,진행중,2024-07-13,379.0
P0645,S1025,중앙정부,기술사업화,실험실 특화형 창업선도대학,530,2021-02-25,2024-02-01,진행중,2024-02-01,1071.0
P0646,S1750,중앙정부,위탁용역,지자체 특화산업 연구용역,530,2022-08-07,,진행중,2023-12-31,511.0
P0647,S1857,대학,R&D지원,디딤돌 기술개발,1000,2021-03-24,2023-02-01,완료,2023-02-01,679.0
P0648,S0682,지자체,R&D지원,창업성장기술개발사업,10,2022-04-08,2023-07-12,완료,2023-07-12,460.0
P0649,S0429,공공기관,R&D지원,디딤돌 기술개발,630,2023-03-16,2025-11-01,진행중,2025-11-01,961.0
P0650,S1597,중앙정부,기술사업화,기술이전 사업화 지원,520,2022-03-16,2024-01-13,진행중,2024-01-13,668.0
P0651,S0786,중앙정부,기술사업화,실험실 특화형 창업선도대학,20,2023-07-03,,진행중,2023-12-31,181.0
P0652,S1551,공공기관,R&D지원,창업성장기술개발사업,810,2023-01-22,2024-03-31,진행중,2024-03-31,434.0
P0653,S0464,지자체,R&D지원,디딤돌 기술개발,140,2022-01-28,2023-12-24,완료,2023-12-24,695.0
P0654,S1206,중앙정부,R&D지원,창업성장기술개발사업,390,2023-08-30,2024-12-19,진행중,2024-12-19,477.0
P0655,S0934,공공기관,기술사업화,실험실 특화형 창업선도대학,560,2023-06-29,2025-11-28,진행중,2025-11-28,883.0
P0656,S0275,중앙정부,위탁용역,지자체 특화산업 연구용역,970,2021-07-12,2022-06-25,완료,2022-06-25,348.0
P0657,S1858,민간기업,기술사업화,초기창업패키지,290,2023-01-15,2023-11-25,완료,2023-11-25,314.0
P0658,S0433,공공기관,기술사업화,초기창업패키지,160,2022-01-11,2024-07-07,진행중,2024-07-07,908.0
P0659,S1333,공공기관,R&D지원,산학연 Collabo R&D,990,2022-07-02,2024-09-27,진행중,2024-09-27,818.0
P0660,S0100,지자체,R&D지원,창업성장기술개발사업,840,2023-05-07,,완료,2023-12-31,238.0
P0661,S0099,지자체,기술사업화,기술이전 사업화 지원,160,2022-07-15,2023-09-26,완료,2023-09-26,438.0
P0662,S0972,공공기관,R&D지원,창업성장기술개발사업,390,2022-03-07,2024-07-11,진행중,2024-07-11,857.0
P0663,S0207,지자체,R&D지원,디딤돌 기술개발,540,2023-05-01,,진행중,2023-12-31,244.0
P0664,S1048,공공기관,R&D지원,창업성장기술개발사업,140,2022-05-25,2023-06-12,완료,2023-06-12,383.0
P0665,S1248,중앙정부,R&D지원,디딤돌 기술개발,460,2022-12-22,2024-08-12,진행중,2024-08-12,599.0
P0666,S0605,중앙정부,기술사업화,초기창업패키지,890,2023-08-14,2025-06-16,진행중,2025-06-16,672.0
P0667,S0678,중앙정부,R&D지원,창업성장기술개발사업,150,2023-05-06,2025-06-11,진행중,2025-06-11,767.0
P0668,S1371,중앙정부,위탁용역,공공기관 시스템 구축 용역,100,2023-01-11,2025-07-19,진행중,2025-07-19,920.0
P0669,S0208,민간기업,기술사업화,기술이전 사업화 지원,380,2021-09-28,,완료,2023-12-31,824.0
P0670,S0103,중앙정부,R&D지원,창업성장기술개발사업,380,2022-01-04,2024-09-30,진행중,2024-09-30,1000.0
P0671,S1387,중앙정부,인력양성,청년 디지털 일자리 사업,980,2023-07-01,2024-02-12,진행중,2024-02-12,226.0
P0672,S0020,민간기업,기술사업화,초기창업패키지,430,2022-01-02,2025-01-01,진행중,2025-01-01,1095.0
P0673,S0897,대학,R&D지원,창업성장기술개발사업,480,2023-04-15,2024-09-26,진행중,2024-09-26,530.0
P0674,S0375,중앙정부,기술사업화,기술이전 사업화 지원,350,2023-05-06,2024-11-30,진행중,2024-11-30,574.0
P0675,S1413,민간기업,인력양성,첨단산업 인재양성 부트캠프,220,2021-04-26,2022-03-07,완료,2022-03-07,315.0
P0676,S1426,공공기관,위탁용역,신기술 동향 분석 용역,140,2022-03-03,2024-04-25,진행중,2024-04-25,784.0
P0677,S0989,공공기관,기술사업화,초기창업패키지,790,2022-01-24,2024-09-27,진행중,2024-09-27,977.0
P0678,S0735,지자체,위탁용역,공공기관 시스템 구축 용역,170,2022-05-10,2024-03-19,진행중,2024-03-19,679.0
P0679,S0232,민간기업,기술사업화,TIPS 프로그램,340,2022-11-02,2024-03-17,진행중,2024-03-17,501.0
P0680,S0026,공공기관,기술사업화,초기창업패키지,860,2023-06-14,2024-11-21,진행중,2024-11-21,526.0
P0681,S1064,지자체,인력양성,청년 디지털 일자리 사업,560,2022-11-09,2025-05-21,진행중,2025-05-21,924.0
P0682,S0510,중앙정부,기술사업화,기술이전 사업화 지원,200,2023-05-10,,진행중,2023-12-31,235.0
P0683,S1144,민간기업,기술사업화,TIPS 프로그램,830,2023-08-15,2024-07-20,진행중,2024-07-20,340.0
P0684,S1036,공공기관,위탁용역,신기술 동향 분석 용역,100,2023-02-09,2024-12-23,진행중,2024-12-23,683.0
P0685,S0657,중앙정부,위탁용역,신기술 동향 분석 용역,650,2021-08-17,2023-08-30,완료,2023-08-30,743.0
P0686,S1318,중앙정부,펀드운용,대학창업펀드 조성사업,590,2022-03-31,2024-12-25,진행중,2024-12-25,1000.0
P0687,S1174,중앙정부,위탁용역,지자체 특화산업 연구용역,410,2021-05-02,,완료,2023-12-31,973.0
P0688,S1527,지자체,R&D지원,미래유망 R&D 사업,50,2022-07-25,2024-08-05,진행중,2024-08-05,742.0
P0689,S0001,공공기관,인력양성,첨단산업 인재양성 부트캠프,820,2021-11-08,2024-11-03,진행중,2024-11-03,1091.0
P0690,S1042,지자체,기술사업화,기술이전 사업화 지원,440,2022-01-08,2024-10-29,진행중,2024-10-29,1025.0
P0691,S0112,공공기관,펀드운용,지역혁신 벤처펀드,720,2023-02-25,,진행중,2023-12-31,309.0
P0692,S1229,중앙정부,기술사업화,기술이전 사업화 지원,150,2021-04-10,2023-11-23,완료,2023-11-23,957.0
P0693,S1350,중앙정부,R&D지원,산학연 Collabo R&D,710,2022-06-19,2024-01-02,진행중,2024-01-02,562.0
P0694,S1438,중앙정부,위탁용역,지자체 특화산업 연구용역,180,2023-04-22,2025-10-22,진행중,2025-10-22,914.0
P0695,S1521,공공기관,R&D지원,디딤돌 기술개발,250,2021-05-04,2024-03-21,진행중,2024-03-21,1052.0
P0696,S0805,중앙정부,펀드운용,대학창업펀드 조성사업,920,2021-12-13,2022-09-29,완료,2022-09-29,290.0
P0697,S1551,중앙정부,위탁용역,공공기관 시스템 구축 용역,760,2021-05-07,,진행중,2023-12-31,968.0
P0698,S1827,중앙정부,기술사업화,초기창업패키지,640,2021-01-05,2022-12-29,완료,2022-12-29,723.0
P0699,S1508,중앙정부,위탁용역,공공기관 시스템 구축 용역,620,2023-08-05,,진행중,2023-12-31,148.0
P0700,S1600,민간기업,R&D지원,디딤돌 기술개발,940,2023-04-15,2024-02-20,진행중,2024-02-20,311.0
P0701,S0213,중앙정부,기술사업화,실험실 특화형 창업선도대학,650,2023-06-22,2025-01-15,진행중,2025-01-15,573.0
P0702,S0858,대학,위탁용역,신기술 동향 분석 용역,360,2022-02-12,2023-07-28,완료,2023-07-28,531.0
P0703,S0603,중앙정부,R&D지원,미래유망 R&D 사업,780,2022-12-18,,진행중,2023-12-31,378.0
P0704,S1533,지자체,펀드운용,모태펀드 자펀드 운용,410,2022-12-30,2025-07-21,진행중,2025-07-21,934.0
P0705,S1134,지자체,R&D지원,산학연 Collabo R&D,880,2021-12-20,2024-05-06,진행중,2024-05-06,868.0
P0706,S0272,대학,기술사업화,초기창업패키지,650,2022-07-10,2024-12-16,진행중,2024-12-16,890.0
P0707,S1305,중앙정부,R&D지원,산학연 Collabo R&D,720,2022-05-07,2024-06-21,진행중,2024-06-21,776.0
P0708,S1169,민간기업,인력양성,첨단산업 인재양성 부트캠프,960,2023-07-05,,진행중,2023-12-31,179.0
P0709,S1094,중앙정부,펀드운용,대학창업펀드 조성사업,670,2021-04-20,2021-11-11,완료,2021-11-11,205.0
P0710,S0781,중앙정부,기술사업화,초기창업패키지,350,2023-02-08,2025-10-19,진행중,2025-10-19,984.0
P0711,S0330,대학,기술사업화,초기창업패키지,80,2022-12-09,2025-08-18,진행중,2025-08-18,983.0
P0712,S0605,중앙정부,기술사업화,실험실 특화형 창업선도대학,580,2021-04-15,2023-07-04,완료,2023-07-04,810.0
P0713,S1778,지자체,기술사업화,초기창업패키지,960,2022-10-25,2024-11-17,진행중,2024-11-17,754.0
P0714,S0797,중앙정부,인력양성,첨단산업 인재양성 부트캠프,370,2022-12-11,2025-04-19,진행중,2025-04-19,860.0
P0715,S0097,민간기업,R&D지원,산학연 Collabo R&D,710,2021-02-25,2021-09-06,완료,2021-09-06,193.0
P0716,S1524,중앙정부,기술사업화,기술이전 사업화 지원,290,2023-07-23,,진행중,2023-12-31,161.0
P0717,S1444,공공기관,R&D지원,디딤돌 기술개발,1000,2023-01-13,2024-01-26,진행중,2024-01-26,378.0
P0718,S0603,중앙정부,위탁용역,신기술 동향 분석 용역,240,2023-09-13,2024-09-04,진행중,2024-09-04,357.0
P0719,S1506,지자체,R&D지원,미래유망 R&D 사업,360,2022-07-24,2023-10-17,완료,2023-10-17,450.0
P0720,S0267,중앙정부,펀드운용,대학창업펀드 조성사업,430,2022-04-23,,진행중,2023-12-31,617.0
P0721,S0318,중앙정부,위탁용역,공공기관 시스템 구축 용역,70,2023-03-04,2025-06-01,진행중,2025-06-01,820.0
P0722,S1261,공공기관,R&D지원,산학연 Collabo R&D,100,2023-03-14,2025-09-03,진행중,2025-09-03,904.0
P0723,S0651,지자체,위탁용역,공공기관 시스템 구축 용역,90,2023-03-17,2025-02-11,진행중,2025-02-11,697.0
P0724,S0327,중앙정부,기술사업화,TIPS 프로그램,450,2021-08-15,2024-08-03,진행중,2024-08-03,1084.0
P0725,S0437,지자체,R&D지원,산학연 Collabo R&D,280,2023-09-01,2026-04-08,진행중,2026-04-08,950.0
P0726,S1267,지자체,위탁용역,공공기관 시스템 구축 용역,20,2021-04-28,2023-09-09,완료,2023-09-09,864.0
P0727,S0709,중앙정부,위탁용역,공공기관 시스템 구축 용역,800,2021-09-07,2022-04-15,완료,2022-04-15,220.0
P0728,S1398,민간기업,R&D지원,창업성장기술개발사업,500,2021-09-20,,완료,2023-12-31,832.0
P0729,S1483,중앙정부,위탁용역,지자체 특화산업 연구용역,660,2023-04-03,2025-03-03,진행중,2025-03-03,700.0
P0730,S0913,중앙정부,R&D지원,디딤돌 기술개발,420,2022-06-11,2023-03-02,완료,2023-03-02,264.0
P0731,S0197,중앙정부,위탁용역,공공기관 시스템 구축 용역,690,2021-01-08,2023-04-09,완료,2023-04-09,821.0
P0732,S0135,중앙정부,기술사업화,초기창업패키지,880,2022-03-11,2025-01-09,진행중,2025-01-09,1035.0
P0733,S0213,중앙정부,펀드운용,모태펀드 자펀드 운용,1000,2022-03-22,2024-07-11,진행중,2024-07-11,842.0
P0734,S1673,민간기업,인력양성,청년 디지털 일자리 사업,40,2022-04-16,2024-10-16,진행중,2024-10-16,914.0
P0735,S0680,중앙정부,R&D지원,디딤돌 기술개발,330,2022-07-26,2023-04-04,완료,2023-04-04,252.0
P0736,S1178,공공기관,위탁용역,지자체 특화산업 연구용역,500,2022-04-07,2024-07-10,진행중,2024-07-10,825.0
P0737,S0829,중앙정부,R&D지원,창업성장기술개발사업,690,2021-01-07,2023-04-23,완료,2023-04-23,836.0
P0738,S1476,지자체,인력양성,첨단산업 인재양성 부트캠프,60,2022-12-19,,진행중,2023-12-31,377.0
P0739,S0149,중앙정부,기술사업화,실험실 특화형 창업선도대학,880,2021-11-05,2024-01-15,진행중,2024-01-15,801.0
P0740,S0178,중앙정부,위탁용역,지자체 특화산업 연구용역,510,2023-04-22,2025-08-25,진행중,2025-08-25,856.0
P0741,S0064,중앙정부,기술사업화,초기창업패키지,960,2022-02-05,2010-01-01,진행중,2010-01-01,
P0742,S1634,공공기관,R&D지원,디딤돌 기술개발,390,2022-11-25,,진행중,2023-12-31,401.0
P0743,S1873,대학,위탁용역,공공기관 시스템 구축 용역,480,2023-09-08,,진행중,2023-12-31,114.0
P0744,S1134,민간기업,R&D지원,창업성장기술개발사업,10,2022-08-10,2024-10-08,진행중,2024-10-08,790.0
P0745,S0808,지자체,위탁용역,지자체 특화산업 연구용역,270,2023-02-06,2025-09-02,진행중,2025-09-02,939.0
P0746,S1851,공공기관,R&D지원,디딤돌 기술개발,210,2021-07-08,2022-08-18,완료,2022-08-18,406.0
P0747,S1264,공공기관,R&D지원,디딤돌 기술개발,860,2023-03-30,2010-01-01,진행중,2010-01-01,
P0748,S1746,중앙정부,인력양성,첨단산업 인재양성 부트캠프,600,2022-10-23,,진행중,2023-12-31,434.0
P0749,S0150,중앙정부,R&D지원,창업성장기술개발사업,260,2023-01-14,,진행중,2023-12-31,351.0
P0750,S0998,대학,R&D지원,디딤돌 기술개발,130,2021-10-19,2024-01-11,진행중,2024-01-11,814.0
P0751,S0143,민간기업,R&D지원,미래유망 R&D 사업,430,2022-09-24,,진행중,2023-12-31,463.0
P0752,S0627,지자체,R&D지원,산학연 Collabo R&D,410,2023-09-09,2025-05-19,진행중,2025-05-19,618.0
P0753,S0346,중앙정부,R&D지원,디딤돌 기술개발,920,2023-01-28,2025-05-13,진행중,2025-05-13,836.0
P0754,S0894,중앙정부,R&D지원,산학연 Collabo R&D,620,2022-04-19,2024-01-15,진행중,2024-01-15,636.0
P0755,S0735,공공기관,기술사업화,TIPS 프로그램,230,2022-10-24,2025-01-02,진행중,2025-01-02,801.0
P0756,S0168,공공기관,위탁용역,신기술 동향 분석 용역,690,2021-07-21,2022-10-13,완료,2022-10-13,449.0
P0757,S1503,민간기업,R&D지원,창업성장기술개발사업,30,2023-05-20,2025-04-18,진행중,2025-04-18,699.0
P0758,S1294,중앙정부,기술사업화,기술이전 사업화 지원,990,2022-08-28,2023-09-29,완료,2023-09-29,397.0
P0759,S1857,중앙정부,R&D지원,미래유망 R&D 사업,840,2023-03-05,,진행중,2023-12-31,301.0
P0760,S0750,중앙정부,위탁용역,공공기관 시스템 구축 용역,940,2023-05-28,,진행중,2023-12-31,217.0
P0761,S0275,중앙정부,기술사업화,기술이전 사업화 지원,470,2022-05-30,2022-12-06,완료,2022-12-06,190.0
P0762,S1358,중앙정부,위탁용역,공공기관 시스템 구축 용역,880,2021-06-19,2024-01-30,진행중,2024-01-30,955.0
P0763,S1053,중앙정부,R&D지원,디딤돌 기술개발,950,2023-01-20,2024-11-25,진행중,2024-11-25,675.0
P0764,S0735,중앙정부,인력양성,청년 디지털 일자리 사업,90,2021-09-28,,완료,2023-12-31,824.0
P0765,S0480,중앙정부,R&D지원,산학연 Collabo R&D,500,2022-04-26,,진행중,2023-12-31,614.0
P0766,S1806,중앙정부,위탁용역,지자체 특화산업 연구용역,140,2022-12-22,2024-12-04,진행중,2024-12-04,713.0
P0767,S1298,공공기관,펀드운용,지역혁신 벤처펀드,750,2022-07-12,2024-08-13,진행중,2024-08-13,763.0
P0768,S0357,중앙정부,R&D지원,창업성장기술개발사업,670,2021-09-15,2023-04-03,완료,2023-04-03,565.0
P0769,S1859,중앙정부,기술사업화,실험실 특화형 창업선도대학,630,2023-03-23,,진행중,2023-12-31,283.0
P0770,S1817,지자체,기술사업화,초기창업패키지,570,2021-06-19,2022-08-08,완료,2022-08-08,415.0
P0771,S0158,지자체,R&D지원,디딤돌 기술개발,240,2021-06-11,2022-12-13,완료,2022-12-13,550.0
P0772,S1233,공공기관,R&D지원,디딤돌 기술개발,540,2023-04-11,2024-09-10,진행중,2024-09-10,518.0
P0773,S1476,중앙정부,기술사업화,기술이전 사업화 지원,270,2022-08-28,2023-08-08,완료,2023-08-08,345.0
P0774,S1326,공공기관,R&D지원,창업성장기술개발사업,170,2022-08-11,2024-10-05,진행중,2024-10-05,786.0
P0775,S0330,중앙정부,기술사업화,초기창업패키지,80,2021-06-20,2022-09-07,완료,2022-09-07,444.0
P0776,S0369,지자체,기술사업화,TIPS 프로그램,930,2023-01-16,,진행중,2023-12-31,349.0
P0777,S1683,중앙정부,R&D지원,미래유망 R&D 사업,780,2022-04-28,2025-03-31,진행중,2025-03-31,1068.0
P0778,S0987,중앙정부,펀드운용,모태펀드 자펀드 운용,190,2023-03-25,2025-05-09,진행중,2025-05-09,776.0
P0779,S1681,공공기관,기술사업화,실험실 특화형 창업선도대학,220,2023-01-12,2025-06-12,진행중,2025-06-12,882.0
P0780,S0702,민간기업,기술사업화,TIPS 프로그램,300,2022-01-23,2023-08-20,완료,2023-08-20,574.0
P0781,S0271,중앙정부,R&D지원,미래유망 R&D 사업,200,2022-09-13,2023-06-18,완료,2023-06-18,278.0
P0782,S0364,중앙정부,기술사업화,TIPS 프로그램,690,2022-05-31,2025-01-05,진행중,2025-01-05,950.0
P0783,S0241,중앙정부,기술사업화,TIPS 프로그램,1000,2022-11-26,2025-03-19,진행중,2025-03-19,844.0
P0784,S0884,지자체,R&D지원,창업성장기술개발사업,900,2022-06-27,2024-03-07,진행중,2024-03-07,619.0
P0785,S0470,민간기업,기술사업화,기술이전 사업화 지원,450,2022-08-27,2025-05-26,진행중,2025-05-26,1003.0
P0786,S1519,민간기업,펀드운용,모태펀드 자펀드 운용,130,2022-03-12,2023-01-23,완료,2023-01-23,317.0
P0787,S0522,중앙정부,R&D지원,창업성장기술개발사업,370,2022-09-05,2025-08-17,진행중,2025-08-17,1077.0
P0788,S1114,중앙정부,R&D지원,창업성장기술개발사업,740,2022-06-20,2023-04-16,완료,2023-04-16,300.0
P0789,S1065,중앙정부,기술사업화,실험실 특화형 창업선도대학,530,2022-01-06,,완료,2023-12-31,724.0
P0790,S0317,중앙정부,기술사업화,실험실 특화형 창업선도대학,690,2022-03-10,2024-04-06,진행중,2024-04-06,758.0
P0791,S0749,지자체,위탁용역,지자체 특화산업 연구용역,970,2021-07-28,2023-03-23,완료,2023-03-23,603.0
P0792,S1131,공공기관,기술사업화,실험실 특화형 창업선도대학,720,2022-07-23,2024-05-28,진행중,2024-05-28,675.0
P0793,S0520,대학,기술사업화,기술이전 사업화 지원,950,2021-05-22,2024-04-11,진행중,2024-04-11,1055.0
P0794,S1770,지자체,인력양성,산학연계 인력양성,900,2023-08-31,2024-08-10,진행중,2024-08-10,345.0
P0795,S0206,중앙정부,기술사업화,실험실 특화형 창업선도대학,710,2022-09-21,2025-03-02,진행중,2025-03-02,893.0
P0796,S1402,공공기관,R&D지원,창업성장기술개발사업,120,2023-04-24,2024-03-17,진행중,2024-03-17,328.0
P0797,S0966,민간기업,기술사업화,TIPS 프로그램,340,2021-08-16,2023-02-26,완료,2023-02-26,559.0
P0798,S0164,지자체,인력양성,산학연계 인력양성,790,2022-11-03,2024-10-16,진행중,2024-10-16,713.0
P0799,S0587,공공기관,기술사업화,초기창업패키지,820,2022-05-22,2024-02-10,진행중,2024-02-10,629.0
P0800,S0022,중앙정부,기술사업화,실험실 특화형 창업선도대학,250,2021-02-04,2023-10-14,완료,2023-10-14,982.0
P0801,S1228,지자체,기술사업화,초기창업패키지,870,2021-02-06,2022-08-08,완료,2022-08-08,548.0
P0802,S0490,지자체,위탁용역,신기술 동향 분석 용역,360,2023-03-10,2024-10-19,진행중,2024-10-19,589.0
P0803,S0724,지자체,기술사업화,초기창업패키지,670,2021-01-16,2023-08-08,완료,2023-08-08,934.0
P0804,S1442,중앙정부,R&D지원,산학연 Collabo R&D,930,2023-04-30,2025-05-21,진행중,2025-05-21,752.0
P0805,S1874,지자체,R&D지원,산학연 Collabo R&D,290,2022-09-13,,완료,2023-12-31,474.0
P0806,S0932,민간기업,기술사업화,실험실 특화형 창업선도대학,230,2022-02-21,2024-01-20,진행중,2024-01-20,698.0
P0807,S0219,지자체,기술사업화,실험실 특화형 창업선도대학,150,2023-04-03,2025-03-08,진행중,2025-03-08,705.0
P0808,S0528,민간기업,펀드운용,모태펀드 자펀드 운용,330,2022-12-12,2024-09-05,진행중,2024-09-05,633.0
P0809,S0773,지자체,인력양성,산학연계 인력양성,1000,2022-04-15,2024-09-08,진행중,2024-09-08,877.0
P0810,S0944,민간기업,위탁용역,지자체 특화산업 연구용역,150,2021-09-22,2022-05-29,완료,2022-05-29,249.0
P0811,S0784,지자체,위탁용역,공공기관 시스템 구축 용역,900,2021-08-24,,진행중,2023-12-31,859.0
P0812,S0647,중앙정부,R&D지원,창업성장기술개발사업,900,2023-05-03,,진행중,2023-12-31,242.0
P0813,S0509,중앙정부,R&D지원,산학연 Collabo R&D,100,2022-07-22,2023-07-19,완료,2023-07-19,362.0
P0814,S0976,중앙정부,R&D지원,산학연 Collabo R&D,240,2023-08-28,2026-03-29,진행중,2026-03-29,944.0
P0815,S1400,민간기업,R&D지원,디딤돌 기술개발,310,2023-01-24,2024-03-26,진행중,2024-03-26,427.0
P0816,S1788,중앙정부,R&D지원,디딤돌 기술개발,800,2021-12-31,2022-12-05,완료,2022-12-05,339.0
P0817,S1596,중앙정부,위탁용역,공공기관 시스템 구축 용역,850,2022-05-20,2024-08-05,진행중,2024-08-05,808.0
P0818,S0014,공공기관,기술사업화,TIPS 프로그램,620,2022-01-16,2024-04-10,진행중,2024-04-10,815.0
P0819,S0646,중앙정부,위탁용역,공공기관 시스템 구축 용역,360,2022-05-18,2023-05-20,완료,2023-05-20,367.0
P0820,S1566,민간기업,R&D지원,디딤돌 기술개발,970,2022-08-14,2023-06-21,완료,2023-06-21,311.0
P0821,S0111,지자체,기술사업화,TIPS 프로그램,650,2021-12-22,2023-07-28,완료,2023-07-28,583.0
P0822,S1763,지자체,R&D지원,창업성장기술개발사업,900,2022-06-15,2024-03-27,진행중,2024-03-27,651.0
P0823,S0647,지자체,R&D지원,디딤돌 기술개발,490,2022-08-18,2023-05-28,완료,2023-05-28,283.0
P0824,S0667,중앙정부,위탁용역,신기술 동향 분석 용역,710,2021-09-27,2022-11-23,완료,2022-11-23,422.0
P0825,S0552,중앙정부,기술사업화,실험실 특화형 창업선도대학,240,2022-05-26,2024-01-30,진행중,2024-01-30,614.0
P0826,S0432,중앙정부,인력양성,산학연계 인력양성,520,2021-10-14,2023-07-17,완료,2023-07-17,641.0
P0827,S0369,지자체,위탁용역,공공기관 시스템 구축 용역,300,2023-04-14,2024-01-21,진행중,2024-01-21,282.0
P0828,S1477,중앙정부,R&D지원,미래유망 R&D 사업,490,2021-07-20,2022-06-14,완료,2022-06-14,329.0
P0829,S1639,대학,R&D지원,창업성장기술개발사업,230,2022-03-08,2010-01-01,진행중,2010-01-01,
P0830,S0276,대학,펀드운용,모태펀드 자펀드 운용,690,2023-01-08,2024-05-25,진행중,2024-05-25,503.0
P0831,S1609,중앙정부,R&D지원,창업성장기술개발사업,510,2021-04-12,2023-09-16,완료,2023-09-16,887.0
P0832,S0335,중앙정부,펀드운용,지역혁신 벤처펀드,810,2021-04-09,2023-01-09,완료,2023-01-09,640.0
P0833,S1525,중앙정부,R&D지원,산학연 Collabo R&D,450,2021-01-21,2022-09-14,완료,2022-09-14,601.0
P0834,S0249,중앙정부,기술사업화,초기창업패키지,740,2022-08-13,2024-12-05,진행중,2024-12-05,845.0
P0835,S1330,지자체,위탁용역,지자체 특화산업 연구용역,460,2021-11-29,2024-04-16,진행중,2024-04-16,869.0
P0836,S1046,중앙정부,인력양성,청년 디지털 일자리 사업,490,2022-09-21,2024-01-07,진행중,2024-01-07,473.0
P0837,S0950,지자체,R&D지원,디딤돌 기술개발,820,2023-04-08,2024-09-14,진행중,2024-09-14,525.0
P0838,S0864,지자체,기술사업화,TIPS 프로그램,110,2021-06-15,2022-11-28,완료,2022-11-28,531.0
P0839,S0468,중앙정부,기술사업화,실험실 특화형 창업선도대학,780,2022-10-23,2024-05-29,진행중,2024-05-29,584.0
P0840,S0556,민간기업,인력양성,산학연계 인력양성,960,2022-08-25,2024-08-07,진행중,2024-08-07,713.0
P0841,S0923,중앙정부,R&D지원,창업성장기술개발사업,170,2023-01-16,2024-03-11,진행중,2024-03-11,420.0
P0842,S1356,중앙정부,인력양성,첨단산업 인재양성 부트캠프,110,2021-08-04,2022-07-20,완료,2022-07-20,350.0
P0843,S0814,중앙정부,R&D지원,미래유망 R&D 사업,710,2021-02-25,2021-09-19,완료,2021-09-19,206.0
P0844,S1579,중앙정부,인력양성,청년 디지털 일자리 사업,140,2021-09-26,2023-12-17,완료,2023-12-17,812.0
P0845,S0319,중앙정부,위탁용역,지자체 특화산업 연구용역,400,2021-08-23,2022-10-30,완료,2022-10-30,433.0
P0846,S1511,중앙정부,기술사업화,초기창업패키지,680,2023-05-09,2024-04-27,진행중,2024-04-27,354.0
P0847,S0059,중앙정부,R&D지원,산학연 Collabo R&D,610,2022-04-24,2025-03-30,진행중,2025-03-30,1071.0
P0848,S1108,민간기업,기술사업화,초기창업패키지,900,2022-07-07,,완료,2023-12-31,542.0
P0849,S1211,지자체,기술사업화,기술이전 사업화 지원,680,2022-10-18,2025-01-29,진행중,2025-01-29,834.0
P0850,S1094,중앙정부,R&D지원,디딤돌 기술개발,120,2022-03-29,2023-08-06,완료,2023-08-06,495.0
P0851,S0750,중앙정부,R&D지원,창업성장기술개발사업,10,2022-06-20,2025-03-30,진행중,2025-03-30,1014.0
P0852,S1553,공공기관,R&D지원,미래유망 R&D 사업,690,2021-01-09,2023-06-12,완료,2023-06-12,884.0
P0853,S1889,중앙정부,인력양성,산학연계 인력양성,20,2023-02-24,2024-11-05,진행중,2024-11-05,620.0
P0854,S1635,중앙정부,R&D지원,창업성장기술개발사업,710,2022-01-18,2023-01-26,완료,2023-01-26,373.0
P0855,S0844,민간기업,기술사업화,초기창업패키지,210,2023-01-03,2025-07-25,진행중,2025-07-25,934.0
P0856,S1323,중앙정부,R&D지원,산학연 Collabo R&D,110,2022-03-09,2024-06-06,진행중,2024-06-06,820.0
P0857,S0491,지자체,인력양성,첨단산업 인재양성 부트캠프,890,2022-12-03,2024-03-05,진행중,2024-03-05,458.0
P0858,S0584,지자체,기술사업화,실험실 특화형 창업선도대학,530,2021-07-12,2024-05-30,진행중,2024-05-30,1053.0
P0859,S0141,중앙정부,R&D지원,미래유망 R&D 사업,800,2022-04-09,2023-07-11,완료,2023-07-11,458.0
P0860,S1435,지자체,R&D지원,창업성장기술개발사업,200,2021-02-20,2023-02-17,완료,2023-02-17,727.0
P0861,S0046,중앙정부,R&D지원,산학연 Collabo R&D,170,2023-01-03,2024-09-22,진행중,2024-09-22,628.0
P0862,S1490,중앙정부,R&D지원,창업성장기술개발사업,640,2021-08-11,2023-01-23,완료,2023-01-23,530.0
P0863,S0861,중앙정부,인력양성,산학연계 인력양성,600,2022-12-15,2025-08-31,진행중,2025-08-31,990.0
P0864,S0065,중앙정부,펀드운용,대학창업펀드 조성사업,80,2021-09-30,2024-05-31,진행중,2024-05-31,974.0
P0865,S0804,중앙정부,기술사업화,초기창업패키지,330,2023-04-17,2024-11-07,진행중,2024-11-07,570.0
P0866,S1697,중앙정부,위탁용역,공공기관 시스템 구축 용역,320,2022-01-30,2024-09-25,진행중,2024-09-25,969.0
P0867,S0908,중앙정부,위탁용역,신기술 동향 분석 용역,590,2023-01-23,,진행중,2023-12-31,342.0
P0868,S0193,지자체,위탁용역,지자체 특화산업 연구용역,500,2022-11-29,2024-04-11,진행중,2024-04-11,499.0
P0869,S0662,중앙정부,인력양성,첨단산업 인재양성 부트캠프,710,2022-06-18,2023-04-19,완료,2023-04-19,305.0
P0870,S0519,중앙정부,R&D지원,산학연 Collabo R&D,70,2023-06-04,2025-10-13,진행중,2025-10-13,862.0
P0871,S0447,대학,R&D지원,미래유망 R&D 사업,420,2021-01-16,2022-01-02,완료,2022-01-02,351.0
P0872,S1627,중앙정부,R&D지원,디딤돌 기술개발,20,2023-09-20,2024-04-30,진행중,2024-04-30,223.0
P0873,S1191,공공기관,기술사업화,초기창업패키지,480,2023-03-01,2023-11-27,완료,2023-11-27,271.0
P0874,S0510,중앙정부,R&D지원,산학연 Collabo R&D,980,2022-10-03,2023-06-01,완료,2023-06-01,241.0
P0875,S0123,중앙정부,R&D지원,창업성장기술개발사업,170,2022-05-15,2023-07-07,완료,2023-07-07,418.0
P0876,S0649,대학,인력양성,산학연계 인력양성,570,2023-01-21,2024-02-02,진행중,2024-02-02,377.0
P0877,S0044,지자체,R&D지원,디딤돌 기술개발,330,2023-07-10,2024-02-15,진행중,2024-02-15,220.0
P0878,S0994,공공기관,기술사업화,기술이전 사업화 지원,250,2022-08-04,2023-08-10,완료,2023-08-10,371.0
P0879,S1114,중앙정부,인력양성,산학연계 인력양성,770,2023-07-26,2010-01-01,진행중,2010-01-01,
P0880,S1136,중앙정부,기술사업화,기술이전 사업화 지원,380,2023-04-20,2024-07-12,진행중,2024-07-12,449.0
P0881,S1110,중앙정부,R&D지원,미래유망 R&D 사업,940,2021-07-09,2024-06-27,진행중,2024-06-27,1084.0
P0882,S0039,지자체,R&D지원,디딤돌 기술개발,420,2023-01-09,2023-09-10,완료,2023-09-10,244.0
P0883,S1349,대학,펀드운용,대학창업펀드 조성사업,680,2022-12-01,2024-10-20,진행중,2024-10-20,689.0
P0884,S1569,지자체,기술사업화,실험실 특화형 창업선도대학,530,2022-10-19,2024-03-11,진행중,2024-03-11,509.0
P0885,S0227,중앙정부,기술사업화,TIPS 프로그램,170,2021-07-02,2024-06-10,진행중,2024-06-10,1074.0
P0886,S0065,중앙정부,기술사업화,TIPS 프로그램,50,2022-08-08,2024-11-22,진행중,2024-11-22,837.0
P0887,S1713,중앙정부,기술사업화,실험실 특화형 창업선도대학,70,2022-01-11,2023-02-21,완료,2023-02-21,406.0
P0888,S1241,공공기관,R&D지원,디딤돌 기술개발,840,2022-05-19,,진행중,2023-12-31,591.0
P0889,S1705,중앙정부,펀드운용,대학창업펀드 조성사업,470,2022-07-26,2025-02-21,진행중,2025-02-21,941.0
P0890,S1824,중앙정부,R&D지원,창업성장기술개발사업,790,2021-09-30,2023-09-21,완료,2023-09-21,721.0
P0891,S0084,공공기관,펀드운용,대학창업펀드 조성사업,280,2023-09-11,2025-08-22,진행중,2025-08-22,711.0
P0892,S0199,중앙정부,R&D지원,미래유망 R&D 사업,250,2021-07-17,2023-07-05,완료,2023-07-05,718.0
P0893,S1346,중앙정부,기술사업화,초기창업패키지,720,2023-02-07,2025-02-27,진행중,2025-02-27,751.0
P0894,S0851,공공기관,인력양성,첨단산업 인재양성 부트캠프,460,2022-11-22,2024-09-01,진행중,2024-09-01,649.0
P0895,S1439,지자체,위탁용역,신기술 동향 분석 용역,240,2022-07-18,2024-02-29,진행중,2024-02-29,591.0
P0896,S1034,중앙정부,R&D지원,미래유망 R&D 사업,460,2023-07-14,2024-11-27,진행중,2024-11-27,502.0
P0897,S1127,대학,R&D지원,산학연 Collabo R&D,530,2023-02-22,2025-05-30,진행중,2025-05-30,828.0
P0898,S0882,공공기관,R&D지원,디딤돌 기술개발,730,2022-07-13,2023-08-16,완료,2023-08-16,399.0
P0899,S0769,공공기관,위탁용역,지자체 특화산업 연구용역,470,2023-09-12,2025-06-16,진행중,2025-06-16,643.0
P0900,S0917,대학,R&D지원,창업성장기술개발사업,370,2022-09-03,2010-01-01,완료,2010-01-01,
P0901,S1061,중앙정부,위탁용역,신기술 동향 분석 용역,390,2021-08-16,2022-09-19,완료,2022-09-19,399.0
P0902,S1753,중앙정부,인력양성,첨단산업 인재양성 부트캠프,360,2023-07-31,2025-08-15,진행중,2025-08-15,746.0
P0903,S1048,지자체,위탁용역,신기술 동향 분석 용역,130,2021-02-08,2022-11-21,완료,2022-11-21,651.0
P0904,S0729,중앙정부,R&D지원,디딤돌 기술개발,300,2021-09-20,2024-06-26,진행중,2024-06-26,1010.0
P0905,S0616,중앙정부,R&D지원,디딤돌 기술개발,940,2021-03-21,2023-09-27,완료,2023-09-27,920.0
P0906,S0665,공공기관,R&D지원,창업성장기술개발사업,770,2022-10-20,2024-02-19,진행중,2024-02-19,487.0
P0907,S0077,공공기관,기술사업화,TIPS 프로그램,1000,2021-02-27,2023-10-24,완료,2023-10-24,969.0
P0908,S0685,중앙정부,펀드운용,지역혁신 벤처펀드,160,2023-06-10,,진행중,2023-12-31,204.0
P0909,S0465,공공기관,펀드운용,대학창업펀드 조성사업,820,2023-03-08,2025-06-12,진행중,2025-06-12,827.0
P0910,S0784,중앙정부,기술사업화,실험실 특화형 창업선도대학,700,2022-08-02,2023-07-01,완료,2023-07-01,333.0
P0911,S0670,지자체,R&D지원,창업성장기술개발사업,870,2023-01-20,2024-08-24,진행중,2024-08-24,582.0
P0912,S0913,공공기관,기술사업화,TIPS 프로그램,290,2022-03-19,2023-07-08,완료,2023-07-08,476.0
P0913,S1611,중앙정부,R&D지원,창업성장기술개발사업,610,2022-08-09,2025-03-09,진행중,2025-03-09,943.0
P0914,S0101,지자체,R&D지원,미래유망 R&D 사업,650,2022-03-21,2024-11-17,진행중,2024-11-17,972.0
P0915,S1430,중앙정부,R&D지원,디딤돌 기술개발,630,2022-02-09,2024-06-05,진행중,2024-06-05,847.0
P0916,S1171,중앙정부,기술사업화,초기창업패키지,320,2021-03-15,2022-06-10,완료,2022-06-10,452.0
P0917,S1591,중앙정부,기술사업화,TIPS 프로그램,150,2022-11-19,2024-07-14,진행중,2024-07-14,603.0
P0918,S0868,중앙정부,R&D지원,산학연 Collabo R&D,770,2022-11-03,2023-05-26,완료,2023-05-26,204.0
P0919,S1577,중앙정부,위탁용역,공공기관 시스템 구축 용역,570,2022-10-01,2023-08-26,완료,2023-08-26,329.0
P0920,S0903,중앙정부,펀드운용,대학창업펀드 조성사업,880,2022-01-18,2022-12-23,완료,2022-12-23,339.0
P0921,S1552,공공기관,R&D지원,창업성장기술개발사업,320,2023-08-30,2025-11-22,진행중,2025-11-22,815.0
P0922,S0303,민간기업,펀드운용,대학창업펀드 조성사업,440,2022-12-12,2025-09-10,진행중,2025-09-10,1003.0
P0923,S0228,중앙정부,기술사업화,실험실 특화형 창업선도대학,270,2023-01-28,2025-01-27,진행중,2025-01-27,730.0
P0924,S0434,중앙정부,기술사업화,실험실 특화형 창업선도대학,710,2022-05-10,2024-08-04,진행중,2024-08-04,817.0
P0925,S1495,대학,기술사업화,TIPS 프로그램,490,2022-08-20,2024-12-26,진행중,2024-12-26,859.0
P0926,S1079,중앙정부,R&D지원,산학연 Collabo R&D,260,2023-03-20,2025-08-29,진행중,2025-08-29,893.0
P0927,S1266,중앙정부,기술사업화,TIPS 프로그램,90,2022-02-02,,진행중,2023-12-31,697.0
P0928,S0556,지자체,위탁용역,지자체 특화산업 연구용역,140,2021-01-20,2022-05-14,완료,2022-05-14,479.0
P0929,S1777,민간기업,R&D지원,미래유망 R&D 사업,660,2023-09-28,2026-03-22,진행중,2026-03-22,906.0
P0930,S0204,민간기업,기술사업화,TIPS 프로그램,240,2021-07-23,2023-06-15,완료,2023-06-15,692.0
P0931,S0938,지자체,인력양성,청년 디지털 일자리 사업,320,2023-08-03,,진행중,2023-12-31,150.0
P0932,S0625,중앙정부,R&D지원,디딤돌 기술개발,30,2021-12-22,2024-05-20,진행중,2024-05-20,880.0
P0933,S0721,중앙정부,R&D지원,산학연 Collabo R&D,80,2022-10-03,2023-12-20,완료,2023-12-20,443.0
P0934,S1800,중앙정부,위탁용역,신기술 동향 분석 용역,720,2023-08-30,2024-12-08,진행중,2024-12-08,466.0
P0935,S0462,중앙정부,위탁용역,공공기관 시스템 구축 용역,180,2021-03-31,2023-10-14,완료,2023-10-14,927.0
P0936,S0783,지자체,기술사업화,초기창업패키지,540,2021-09-04,2023-10-10,완료,2023-10-10,766.0
P0937,S0313,중앙정부,R&D지원,산학연 Collabo R&D,580,2022-07-10,2023-05-20,완료,2023-05-20,314.0
P0938,S0424,지자체,기술사업화,초기창업패키지,180,2021-11-13,2024-04-16,진행중,2024-04-16,885.0
P0939,S1445,민간기업,위탁용역,지자체 특화산업 연구용역,990,2021-05-29,2023-09-27,완료,2023-09-27,851.0
P0940,S1157,민간기업,R&D지원,창업성장기술개발사업,240,2021-11-22,2024-09-26,진행중,2024-09-26,1039.0
P0941,S1802,중앙정부,R&D지원,산학연 Collabo R&D,530,2023-09-12,,진행중,2023-12-31,110.0
P0942,S0622,중앙정부,위탁용역,공공기관 시스템 구축 용역,950,2021-10-08,2022-09-08,완료,2022-09-08,335.0
P0943,S1596,중앙정부,R&D지원,창업성장기술개발사업,980,2022-09-19,2024-12-08,진행중,2024-12-08,811.0
P0944,S0547,지자체,기술사업화,초기창업패키지,300,2022-12-05,2023-06-29,완료,2023-06-29,206.0
P0945,S0736,중앙정부,인력양성,청년 디지털 일자리 사업,650,2023-05-17,2025-07-24,진행중,2025-07-24,799.0
P0946,S0961,공공기관,R&D지원,미래유망 R&D 사업,630,2022-05-01,2023-03-17,완료,2023-03-17,320.0
P0947,S0336,중앙정부,R&D지원,창업성장기술개발사업,350,2023-09-01,2025-04-25,진행중,2025-04-25,602.0
P0948,S0456,공공기관,위탁용역,신기술 동향 분석 용역,90,2021-07-01,2023-03-22,완료,2023-03-22,629.0
P0949,S1776,지자체,기술사업화,기술이전 사업화 지원,320,2022-03-14,,완료,2023-12-31,657.0
P0950,S1590,중앙정부,인력양성,산학연계 인력양성,930,2021-11-17,2023-06-23,완료,2023-06-23,583.0
P0951,S1253,민간기업,기술사업화,TIPS 프로그램,670,2021-04-22,2023-01-24,완료,2023-01-24,642.0
P0952,S0936,공공기관,R&D지원,디딤돌 기술개발,670,2022-07-05,2010-01-01,진행중,2010-01-01,
P0953,S1506,중앙정부,R&D지원,창업성장기술개발사업,250,2021-10-26,2023-07-18,완료,2023-07-18,630.0
P0954,S0816,민간기업,인력양성,산학연계 인력양성,600,2021-06-20,2023-02-22,완료,2023-02-22,612.0
P0955,S0603,지자체,R&D지원,디딤돌 기술개발,600,2023-04-30,2025-08-18,진행중,2025-08-18,841.0
P0956,S0926,중앙정부,기술사업화,초기창업패키지,1000,2022-08-23,2025-08-22,진행중,2025-08-22,1095.0
P0957,S1426,지자체,R&D지원,산학연 Collabo R&D,580,2021-01-26,2022-01-24,완료,2022-01-24,363.0
P0958,S0930,지자체,인력양성,청년 디지털 일자리 사업,590,2021-04-03,2022-06-13,완료,2022-06-13,436.0
P0959,S0664,지자체,위탁용역,신기술 동향 분석 용역,920,2023-01-21,,완료,2023-12-31,344.0
P0960,S0187,중앙정부,기술사업화,실험실 특화형 창업선도대학,110,2022-06-21,2024-12-11,진행중,2024-12-11,904.0
P0961,S0787,공공기관,위탁용역,공공기관 시스템 구축 용역,210,2022-01-23,2024-02-05,진행중,2024-02-05,743.0
P0962,S0780,중앙정부,R&D지원,산학연 Collabo R&D,730,2023-06-12,2025-10-14,진행중,2025-10-14,855.0
P0963,S1767,중앙정부,위탁용역,신기술 동향 분석 용역,990,2022-12-31,2023-08-20,완료,2023-08-20,232.0
P0964,S0860,중앙정부,인력양성,산학연계 인력양성,370,2022-10-04,2023-10-04,완료,2023-10-04,365.0
P0965,S0241,민간기업,위탁용역,신기술 동향 분석 용역,800,2023-02-23,2024-05-07,진행중,2024-05-07,439.0
P0966,S0026,중앙정부,위탁용역,공공기관 시스템 구축 용역,10,2022-09-15,2025-09-02,진행중,2025-09-02,1083.0
P0967,S1011,중앙정부,기술사업화,기술이전 사업화 지원,590,2022-02-24,2023-11-18,완료,2023-11-18,632.0
P0968,S0163,지자체,R&D지원,산학연 Collabo R&D,800,2022-10-06,2024-10-25,진행중,2024-10-25,750.0
P0969,S1680,공공기관,R&D지원,디딤돌 기술개발,80,2022-10-31,2024-04-20,진행중,2024-04-20,537.0
P0970,S0076,중앙정부,R&D지원,산학연 Collabo R&D,430,2023-08-01,2024-04-26,진행중,2024-04-26,269.0
P0971,S0101,중앙정부,위탁용역,신기술 동향 분석 용역,870,2021-10-19,2024-01-02,진행중,2024-01-02,805.0
P0972,S1354,지자체,기술사업화,초기창업패키지,590,2023-02-07,2010-01-01,진행중,2010-01-01,
P0973,S0738,민간기업,R&D지원,산학연 Collabo R&D,420,2022-01-13,2023-08-04,완료,2023-08-04,568.0
P0974,S1680,중앙정부,기술사업화,TIPS 프로그램,380,2022-04-28,,완료,2023-12-31,612.0
P0975,S0250,지자체,R&D지원,미래유망 R&D 사업,680,2021-08-03,2024-01-12,진행중,2024-01-12,892.0
P0976,S0429,지자체,R&D지원,창업성장기술개발사업,620,2023-01-12,2025-06-15,진행중,2025-06-15,885.0
P0977,S1239,민간기업,위탁용역,지자체 특화산업 연구용역,550,2022-09-16,,진행중,2023-12-31,471.0
P0978,S0649,중앙정부,기술사업화,실험실 특화형 창업선도대학,170,2022-09-22,,진행중,2023-12-31,465.0
P0979,S1017,지자체,기술사업화,기술이전 사업화 지원,240,2023-06-24,2025-09-05,진행중,2025-09-05,804.0
P0980,S0477,공공기관,위탁용역,신기술 동향 분석 용역,160,2021-01-25,2022-11-12,완료,2022-11-12,656.0
P0981,S1281,공공기관,인력양성,청년 디지털 일자리 사업,790,2022-03-01,,완료,2023-12-31,670.0
P0982,S0094,중앙정부,기술사업화,초기창업패키지,20,2022-10-18,2023-11-08,완료,2023-11-08,386.0
P0983,S1414,중앙정부,인력양성,산학연계 인력양성,390,2022-06-03,2024-06-15,진행중,2024-06-15,743.0
P0984,S0664,공공기관,R&D지원,산학연 Collabo R&D,440,2022-02-10,2024-08-19,진행중,2024-08-19,921.0
P0985,S1166,지자체,R&D지원,디딤돌 기술개발,250,2021-12-05,2024-10-03,진행중,2024-10-03,1033.0
P0986,S0693,민간기업,기술사업화,기술이전 사업화 지원,50,2022-10-24,,완료,2023-12-31,433.0
P0987,S0987,중앙정부,기술사업화,실험실 특화형 창업선도대학,600,2023-03-14,2025-12-21,진행중,2025-12-21,1013.0
P0988,S0848,민간기업,R&D지원,산학연 Collabo R&D,730,2023-01-13,2025-06-05,진행중,2025-06-05,874.0
P0989,S0647,지자체,R&D지원,산학연 Collabo R&D,460,2021-03-09,2022-02-04,완료,2022-02-04,332.0
P0990,S0575,공공기관,R&D지원,미래유망 R&D 사업,810,2022-07-02,2025-05-09,진행중,2025-05-09,1042.0
P0991,S0340,지자체,R&D지원,창업성장기술개발사업,970,2021-11-12,2024-05-02,진행중,2024-05-02,902.0
P0992,S1757,중앙정부,R&D지원,미래유망 R&D 사업,120,2022-05-24,2025-05-06,진행중,2025-05-06,1078.0
P0993,S0487,중앙정부,펀드운용,지역혁신 벤처펀드,280,2022-06-22,2023-10-24,완료,2023-10-24,489.0
P0994,S0359,중앙정부,인력양성,청년 디지털 일자리 사업,120,2022-03-31,2024-02-27,진행중,2024-02-27,698.0
P0995,S0052,공공기관,위탁용역,신기술 동향 분석 용역,250,2021-12-15,2023-10-21,완료,2023-10-21,675.0
P0996,S1501,민간기업,R&D지원,산학연 Collabo R&D,190,2023-02-27,2026-02-03,진행중,2026-02-03,1072.0
P0997,S0202,공공기관,위탁용역,공공기관 시스템 구축 용역,170,2021-07-30,2024-02-06,진행중,2024-02-06,921.0
P0998,S0075,중앙정부,인력양성,첨단산업 인재양성 부트캠프,150,2021-01-05,2022-05-18,완료,2022-05-18,498.0
P0999,S0091,지자체,기술사업화,TIPS 프로그램,430,2022-04-24,2025-04-18,진행중,2025-04-18,1090.0
P1000,S0095,중앙정부,인력양성,첨단산업 인재양성 부트캠프,400,2021-01-24,2023-03-06,완료,2023-03-06,771.0
